{"level":"info","message":"SERVER.JS FILE IS EXECUTING","service":"portal-jogos-service","timestamp":"2026-01-11 22:05:29"}
{"level":"info","message":"Attempting to set up email service...","service":"portal-jogos-service","timestamp":"2026-01-11 22:05:31"}
{"level":"info","message":"Conectado ao banco de dados SQLite.","service":"portal-jogos-service","timestamp":"2026-01-11 22:05:50"}
{"level":"info","message":"GET /api/plans","service":"portal-jogos-service","timestamp":"2026-01-11 22:05:50"}
{"level":"info","message":"GET /api/games/most-accessed","service":"portal-jogos-service","timestamp":"2026-01-11 22:05:50"}
{"level":"info","message":"GET /","service":"portal-jogos-service","timestamp":"2026-01-11 22:05:50"}
{"level":"info","message":"SERVER.JS FILE IS EXECUTING","service":"portal-jogos-service","timestamp":"2026-01-11 22:29:23"}
{"level":"info","message":"Attempting to set up email service...","service":"portal-jogos-service","timestamp":"2026-01-11 22:29:23"}
{"level":"info","message":"Conectado ao banco de dados SQLite.","service":"portal-jogos-service","timestamp":"2026-01-11 22:29:25"}
{"level":"info","message":"GET /api/plans","service":"portal-jogos-service","timestamp":"2026-01-11 22:29:25"}
{"level":"info","message":"GET /api/games/most-accessed","service":"portal-jogos-service","timestamp":"2026-01-11 22:29:25"}
{"level":"info","message":"GET /","service":"portal-jogos-service","timestamp":"2026-01-11 22:29:25"}
{"level":"info","message":"SERVER.JS FILE IS EXECUTING","service":"portal-jogos-service","timestamp":"2026-01-11 22:29:44"}
{"level":"info","message":"Attempting to set up email service...","service":"portal-jogos-service","timestamp":"2026-01-11 22:29:45"}
{"level":"info","message":"Servidor rodando em http://localhost:3000","service":"portal-jogos-service","timestamp":"2026-01-11 22:29:46"}
{"level":"info","message":"Conectado ao banco de dados SQLite.","service":"portal-jogos-service","timestamp":"2026-01-11 22:29:46"}
{"level":"info","message":"SERVER.JS FILE IS EXECUTING","service":"portal-jogos-service","timestamp":"2026-01-11 22:36:57"}
{"level":"info","message":"Attempting to set up email service...","service":"portal-jogos-service","timestamp":"2026-01-11 22:36:58"}
{"level":"info","message":"SERVER.JS FILE IS EXECUTING","service":"portal-jogos-service","timestamp":"2026-01-11 22:37:21"}
{"level":"info","message":"Attempting to set up email service...","service":"portal-jogos-service","timestamp":"2026-01-11 22:37:21"}
{"level":"info","message":"Servidor rodando em http://localhost:3000","service":"portal-jogos-service","timestamp":"2026-01-11 22:37:23"}
{"level":"info","message":"Conectado ao banco de dados (development).","service":"portal-jogos-service","timestamp":"2026-01-11 22:37:23"}
{"level":"info","message":"GET /","service":"portal-jogos-service","timestamp":"2026-01-11 22:40:49"}
{"level":"info","message":"GET /css/style.css","service":"portal-jogos-service","timestamp":"2026-01-11 22:40:49"}
{"level":"info","message":"GET /assets/imagens/Tela-cheia.webp","service":"portal-jogos-service","timestamp":"2026-01-11 22:40:49"}
{"level":"info","message":"GET /js/main.js","service":"portal-jogos-service","timestamp":"2026-01-11 22:40:49"}
{"level":"info","message":"GET /js/modules/auth.js","service":"portal-jogos-service","timestamp":"2026-01-11 22:40:50"}
{"level":"info","message":"GET /js/modules/games.js","service":"portal-jogos-service","timestamp":"2026-01-11 22:40:50"}
{"level":"info","message":"GET /js/modules/subscription.js","service":"portal-jogos-service","timestamp":"2026-01-11 22:40:50"}
{"level":"info","message":"GET /js/modules/ui.js","service":"portal-jogos-service","timestamp":"2026-01-11 22:40:50"}
{"level":"info","message":"GET /js/modules/utils.js","service":"portal-jogos-service","timestamp":"2026-01-11 22:40:50"}
{"level":"info","message":"GET /api/user-status","service":"portal-jogos-service","timestamp":"2026-01-11 22:40:50"}
{"level":"info","message":"GET /api/games/most-accessed","service":"portal-jogos-service","timestamp":"2026-01-11 22:40:50"}
{"level":"info","message":"GET /games.json","service":"portal-jogos-service","timestamp":"2026-01-11 22:40:50"}
{"level":"info","message":"GET /api/plans","service":"portal-jogos-service","timestamp":"2026-01-11 22:40:50"}
{"level":"info","message":"GET /games/tabela-periodica-bingo/imagens/tamb.webp","service":"portal-jogos-service","timestamp":"2026-01-11 22:40:50"}
{"level":"info","message":"GET /games/roda-a-roda/assets/images/tamb.webp","service":"portal-jogos-service","timestamp":"2026-01-11 22:40:50"}
{"level":"info","message":"GET /games/desafio-exploradores/assets/imagens/tamb.webp","service":"portal-jogos-service","timestamp":"2026-01-11 22:40:50"}
{"level":"info","message":"GET /games/detector-fatos/assets/imagens/tamb.webp","service":"portal-jogos-service","timestamp":"2026-01-11 22:40:50"}
{"level":"info","message":"GET /games/game-memoria/assets/imagens/tamb-m.webp","service":"portal-jogos-service","timestamp":"2026-01-11 22:40:50"}
{"level":"info","message":"GET /games/game-memoria/assets/imagens/tamb-p.webp","service":"portal-jogos-service","timestamp":"2026-01-11 22:40:50"}
{"level":"info","message":"GET /register.html","service":"portal-jogos-service","timestamp":"2026-01-11 22:41:12"}
{"level":"info","message":"GET /css/style.css","service":"portal-jogos-service","timestamp":"2026-01-11 22:41:12"}
{"level":"info","message":"GET /js/main.js","service":"portal-jogos-service","timestamp":"2026-01-11 22:41:12"}
{"level":"info","message":"GET /js/modules/auth.js","service":"portal-jogos-service","timestamp":"2026-01-11 22:41:12"}
{"level":"info","message":"GET /js/modules/games.js","service":"portal-jogos-service","timestamp":"2026-01-11 22:41:12"}
{"level":"info","message":"GET /js/modules/subscription.js","service":"portal-jogos-service","timestamp":"2026-01-11 22:41:12"}
{"level":"info","message":"GET /js/modules/utils.js","service":"portal-jogos-service","timestamp":"2026-01-11 22:41:12"}
{"level":"info","message":"GET /js/modules/ui.js","service":"portal-jogos-service","timestamp":"2026-01-11 22:41:12"}
{"level":"info","message":"GET /api/user-status","service":"portal-jogos-service","timestamp":"2026-01-11 22:41:12"}
{"level":"info","message":"GET /api/plans","service":"portal-jogos-service","timestamp":"2026-01-11 22:41:12"}
{"level":"info","message":"POST /api/register","service":"portal-jogos-service","timestamp":"2026-01-11 22:41:20"}
{"level":"info","message":"GET /login.html","service":"portal-jogos-service","timestamp":"2026-01-11 22:41:24"}
{"level":"info","message":"GET /css/style.css","service":"portal-jogos-service","timestamp":"2026-01-11 22:41:24"}
{"level":"info","message":"GET /js/main.js","service":"portal-jogos-service","timestamp":"2026-01-11 22:41:24"}
{"level":"info","message":"GET /js/modules/auth.js","service":"portal-jogos-service","timestamp":"2026-01-11 22:41:25"}
{"level":"info","message":"GET /js/modules/games.js","service":"portal-jogos-service","timestamp":"2026-01-11 22:41:25"}
{"level":"info","message":"GET /js/modules/subscription.js","service":"portal-jogos-service","timestamp":"2026-01-11 22:41:25"}
{"level":"info","message":"GET /js/modules/ui.js","service":"portal-jogos-service","timestamp":"2026-01-11 22:41:25"}
{"level":"info","message":"GET /js/modules/utils.js","service":"portal-jogos-service","timestamp":"2026-01-11 22:41:25"}
{"level":"info","message":"GET /api/user-status","service":"portal-jogos-service","timestamp":"2026-01-11 22:41:25"}
{"level":"info","message":"GET /api/plans","service":"portal-jogos-service","timestamp":"2026-01-11 22:41:25"}
{"level":"info","message":"POST /api/login","service":"portal-jogos-service","timestamp":"2026-01-11 22:41:30"}
{"level":"info","message":"GET /index.html","service":"portal-jogos-service","timestamp":"2026-01-11 22:41:31"}
{"level":"info","message":"GET /css/style.css","service":"portal-jogos-service","timestamp":"2026-01-11 22:41:31"}
{"level":"info","message":"GET /assets/imagens/Tela-cheia.webp","service":"portal-jogos-service","timestamp":"2026-01-11 22:41:31"}
{"level":"info","message":"GET /js/main.js","service":"portal-jogos-service","timestamp":"2026-01-11 22:41:31"}
{"level":"info","message":"GET /js/modules/auth.js","service":"portal-jogos-service","timestamp":"2026-01-11 22:41:31"}
{"level":"info","message":"GET /js/modules/games.js","service":"portal-jogos-service","timestamp":"2026-01-11 22:41:31"}
{"level":"info","message":"GET /js/modules/subscription.js","service":"portal-jogos-service","timestamp":"2026-01-11 22:41:31"}
{"level":"info","message":"GET /js/modules/ui.js","service":"portal-jogos-service","timestamp":"2026-01-11 22:41:31"}
{"level":"info","message":"GET /js/modules/utils.js","service":"portal-jogos-service","timestamp":"2026-01-11 22:41:31"}
{"level":"info","message":"GET /api/user-status","service":"portal-jogos-service","timestamp":"2026-01-11 22:41:31"}
{"level":"info","message":"GET /api/user/favorites","service":"portal-jogos-service","timestamp":"2026-01-11 22:41:31"}
{"level":"info","message":"GET /api/games/most-accessed","service":"portal-jogos-service","timestamp":"2026-01-11 22:41:31"}
{"level":"info","message":"GET /games.json","service":"portal-jogos-service","timestamp":"2026-01-11 22:41:31"}
{"level":"info","message":"GET /games/tabela-periodica-bingo/imagens/tamb.webp","service":"portal-jogos-service","timestamp":"2026-01-11 22:41:31"}
{"level":"info","message":"GET /api/plans","service":"portal-jogos-service","timestamp":"2026-01-11 22:41:31"}
{"level":"info","message":"GET /games/roda-a-roda/assets/images/tamb.webp","service":"portal-jogos-service","timestamp":"2026-01-11 22:41:31"}
{"level":"info","message":"GET /games/desafio-exploradores/assets/imagens/tamb.webp","service":"portal-jogos-service","timestamp":"2026-01-11 22:41:31"}
{"level":"info","message":"GET /games/detector-fatos/assets/imagens/tamb.webp","service":"portal-jogos-service","timestamp":"2026-01-11 22:41:31"}
{"level":"info","message":"GET /games/game-memoria/assets/imagens/tamb-m.webp","service":"portal-jogos-service","timestamp":"2026-01-11 22:41:31"}
{"level":"info","message":"GET /games/game-memoria/assets/imagens/tamb-p.webp","service":"portal-jogos-service","timestamp":"2026-01-11 22:41:31"}
{"level":"info","message":"GET /api/user/offer-status","service":"portal-jogos-service","timestamp":"2026-01-11 22:41:31"}
{"level":"info","message":"POST /api/game-start","service":"portal-jogos-service","timestamp":"2026-01-11 22:41:43"}
{"level":"info","message":"GET /games/tabela-periodica-bingo/index.html","service":"portal-jogos-service","timestamp":"2026-01-11 22:41:43"}
{"level":"info","message":"GET /games/tabela-periodica-bingo/imagens/H.webp","service":"portal-jogos-service","timestamp":"2026-01-11 22:41:43"}
{"level":"info","message":"GET /games/tabela-periodica-bingo/imagens/He.webp","service":"portal-jogos-service","timestamp":"2026-01-11 22:41:43"}
{"level":"info","message":"GET /games/tabela-periodica-bingo/imagens/Li.webp","service":"portal-jogos-service","timestamp":"2026-01-11 22:41:43"}
{"level":"info","message":"GET /games/tabela-periodica-bingo/imagens/Be.webp","service":"portal-jogos-service","timestamp":"2026-01-11 22:41:43"}
{"level":"info","message":"GET /games/tabela-periodica-bingo/imagens/B.webp","service":"portal-jogos-service","timestamp":"2026-01-11 22:41:43"}
{"level":"info","message":"GET /games/tabela-periodica-bingo/imagens/C.webp","service":"portal-jogos-service","timestamp":"2026-01-11 22:41:43"}
{"level":"info","message":"GET /games/tabela-periodica-bingo/imagens/Pt.webp","service":"portal-jogos-service","timestamp":"2026-01-11 22:41:43"}
{"level":"info","message":"GET /games/tabela-periodica-bingo/imagens/Sg.webp","service":"portal-jogos-service","timestamp":"2026-01-11 22:41:43"}
{"level":"info","message":"GET /games/tabela-periodica-bingo/imagens/Bh.webp","service":"portal-jogos-service","timestamp":"2026-01-11 22:41:43"}
{"level":"info","message":"GET /games/tabela-periodica-bingo/imagens/Hs.webp","service":"portal-jogos-service","timestamp":"2026-01-11 22:41:43"}
{"level":"info","message":"GET /games/tabela-periodica-bingo/imagens/Ca.webp","service":"portal-jogos-service","timestamp":"2026-01-11 22:41:44"}
{"level":"info","message":"GET /games/tabela-periodica-bingo/imagens/Cs.webp","service":"portal-jogos-service","timestamp":"2026-01-11 22:41:44"}
{"level":"info","message":"GET /games/tabela-periodica-bingo/imagens/Fr.webp","service":"portal-jogos-service","timestamp":"2026-01-11 22:41:44"}
{"level":"info","message":"GET /games/tabela-periodica-bingo/imagens/Ti.webp","service":"portal-jogos-service","timestamp":"2026-01-11 22:41:44"}
{"level":"info","message":"GET /games/tabela-periodica-bingo/imagens/Rg.webp","service":"portal-jogos-service","timestamp":"2026-01-11 22:41:44"}
{"level":"info","message":"GET /games/tabela-periodica-bingo/imagens/Mg.webp","service":"portal-jogos-service","timestamp":"2026-01-11 22:41:44"}
{"level":"info","message":"GET /games/tabela-periodica-bingo/imagens/Sr.webp","service":"portal-jogos-service","timestamp":"2026-01-11 22:41:44"}
{"level":"info","message":"GET /games/tabela-periodica-bingo/imagens/Sc.webp","service":"portal-jogos-service","timestamp":"2026-01-11 22:41:44"}
{"level":"info","message":"GET /games/tabela-periodica-bingo/imagens/Rb.webp","service":"portal-jogos-service","timestamp":"2026-01-11 22:41:44"}
{"level":"info","message":"GET /games/tabela-periodica-bingo/imagens/Fe.webp","service":"portal-jogos-service","timestamp":"2026-01-11 22:41:44"}
{"level":"info","message":"GET /games/tabela-periodica-bingo/imagens/Zr.webp","service":"portal-jogos-service","timestamp":"2026-01-11 22:41:44"}
{"level":"info","message":"GET /games/tabela-periodica-bingo/imagens/Nb.webp","service":"portal-jogos-service","timestamp":"2026-01-11 22:41:44"}
{"level":"info","message":"GET /games/tabela-periodica-bingo/imagens/Re.webp","service":"portal-jogos-service","timestamp":"2026-01-11 22:41:44"}
{"level":"info","message":"GET /games/tabela-periodica-bingo/imagens/Db.webp","service":"portal-jogos-service","timestamp":"2026-01-11 22:41:44"}
{"level":"info","message":"GET /games/tabela-periodica-bingo/imagens/V.webp","service":"portal-jogos-service","timestamp":"2026-01-11 22:41:44"}
{"level":"info","message":"GET /games/tabela-periodica-bingo/imagens/Cr.webp","service":"portal-jogos-service","timestamp":"2026-01-11 22:41:44"}
{"level":"info","message":"GET /games/tabela-periodica-bingo/imagens/Ba.webp","service":"portal-jogos-service","timestamp":"2026-01-11 22:41:44"}
{"level":"info","message":"GET /games/tabela-periodica-bingo/imagens/Au.webp","service":"portal-jogos-service","timestamp":"2026-01-11 22:41:44"}
{"level":"info","message":"GET /games/tabela-periodica-bingo/imagens/Mo.webp","service":"portal-jogos-service","timestamp":"2026-01-11 22:41:44"}
{"level":"info","message":"GET /games/tabela-periodica-bingo/imagens/Zn.webp","service":"portal-jogos-service","timestamp":"2026-01-11 22:41:44"}
{"level":"info","message":"GET /games/tabela-periodica-bingo/imagens/Gd.webp","service":"portal-jogos-service","timestamp":"2026-01-11 22:41:45"}
{"level":"info","message":"GET /games/tabela-periodica-bingo/imagens/Sm.webp","service":"portal-jogos-service","timestamp":"2026-01-11 22:41:45"}
{"level":"info","message":"GET /games/tabela-periodica-bingo/imagens/Ta.webp","service":"portal-jogos-service","timestamp":"2026-01-11 22:41:45"}
{"level":"info","message":"GET /games/tabela-periodica-bingo/imagens/Cu.webp","service":"portal-jogos-service","timestamp":"2026-01-11 22:41:45"}
{"level":"info","message":"GET /games/tabela-periodica-bingo/imagens/Ir.webp","service":"portal-jogos-service","timestamp":"2026-01-11 22:41:45"}
{"level":"info","message":"GET /games/tabela-periodica-bingo/imagens/Mt.webp","service":"portal-jogos-service","timestamp":"2026-01-11 22:41:45"}
{"level":"info","message":"GET /games/tabela-periodica-bingo/imagens/Rf.webp","service":"portal-jogos-service","timestamp":"2026-01-11 22:41:45"}
{"level":"info","message":"GET /games/tabela-periodica-bingo/imagens/Tc.webp","service":"portal-jogos-service","timestamp":"2026-01-11 22:41:45"}
{"level":"info","message":"GET /games/tabela-periodica-bingo/imagens/Co.webp","service":"portal-jogos-service","timestamp":"2026-01-11 22:41:45"}
{"level":"info","message":"GET /games/tabela-periodica-bingo/imagens/W.webp","service":"portal-jogos-service","timestamp":"2026-01-11 22:41:45"}
{"level":"info","message":"GET /games/tabela-periodica-bingo/imagens/Cn.webp","service":"portal-jogos-service","timestamp":"2026-01-11 22:41:45"}
{"level":"info","message":"GET /games/tabela-periodica-bingo/imagens/Ag.webp","service":"portal-jogos-service","timestamp":"2026-01-11 22:41:45"}
{"level":"info","message":"GET /games/tabela-periodica-bingo/imagens/Ni.webp","service":"portal-jogos-service","timestamp":"2026-01-11 22:41:45"}
{"level":"info","message":"GET /games/tabela-periodica-bingo/imagens/Na.webp","service":"portal-jogos-service","timestamp":"2026-01-11 22:41:45"}
{"level":"info","message":"GET /games/tabela-periodica-bingo/imagens/Rh.webp","service":"portal-jogos-service","timestamp":"2026-01-11 22:41:45"}
{"level":"info","message":"GET /games/tabela-periodica-bingo/imagens/Ru.webp","service":"portal-jogos-service","timestamp":"2026-01-11 22:41:45"}
{"level":"info","message":"GET /games/tabela-periodica-bingo/imagens/Ra.webp","service":"portal-jogos-service","timestamp":"2026-01-11 22:41:46"}
{"level":"info","message":"GET /games/tabela-periodica-bingo/imagens/Y.webp","service":"portal-jogos-service","timestamp":"2026-01-11 22:41:46"}
{"level":"info","message":"GET /games/tabela-periodica-bingo/imagens/Hf.webp","service":"portal-jogos-service","timestamp":"2026-01-11 22:41:46"}
{"level":"info","message":"GET /games/tabela-periodica-bingo/imagens/K.webp","service":"portal-jogos-service","timestamp":"2026-01-11 22:41:46"}
{"level":"info","message":"GET /games/tabela-periodica-bingo/imagens/Os.webp","service":"portal-jogos-service","timestamp":"2026-01-11 22:41:46"}
{"level":"info","message":"GET /games/tabela-periodica-bingo/imagens/Pd.webp","service":"portal-jogos-service","timestamp":"2026-01-11 22:41:46"}
{"level":"info","message":"GET /games/tabela-periodica-bingo/imagens/Mn.webp","service":"portal-jogos-service","timestamp":"2026-01-11 22:41:46"}
{"level":"info","message":"GET /games/tabela-periodica-bingo/imagens/Ds.webp","service":"portal-jogos-service","timestamp":"2026-01-11 22:41:46"}
{"level":"info","message":"GET /games/tabela-periodica-bingo/imagens/Hg.webp","service":"portal-jogos-service","timestamp":"2026-01-11 22:41:46"}
{"level":"info","message":"GET /games/tabela-periodica-bingo/imagens/Cd.webp","service":"portal-jogos-service","timestamp":"2026-01-11 22:41:46"}
{"level":"info","message":"GET /games/tabela-periodica-bingo/imagens/Eu.webp","service":"portal-jogos-service","timestamp":"2026-01-11 22:41:46"}
{"level":"info","message":"GET /games/tabela-periodica-bingo/imagens/Pm.webp","service":"portal-jogos-service","timestamp":"2026-01-11 22:41:46"}
{"level":"info","message":"GET /games/tabela-periodica-bingo/imagens/Nd.webp","service":"portal-jogos-service","timestamp":"2026-01-11 22:41:46"}
{"level":"info","message":"GET /games/tabela-periodica-bingo/imagens/Pr.webp","service":"portal-jogos-service","timestamp":"2026-01-11 22:41:46"}
{"level":"info","message":"GET /games/tabela-periodica-bingo/imagens/La.webp","service":"portal-jogos-service","timestamp":"2026-01-11 22:41:46"}
{"level":"info","message":"GET /games/tabela-periodica-bingo/imagens/Tb.webp","service":"portal-jogos-service","timestamp":"2026-01-11 22:41:46"}
{"level":"info","message":"GET /games/tabela-periodica-bingo/imagens/Ce.webp","service":"portal-jogos-service","timestamp":"2026-01-11 22:41:46"}
{"level":"info","message":"GET /games/tabela-periodica-bingo/imagens/N.webp","service":"portal-jogos-service","timestamp":"2026-01-11 22:41:46"}
{"level":"info","message":"GET /games/tabela-periodica-bingo/imagens/O.webp","service":"portal-jogos-service","timestamp":"2026-01-11 22:41:46"}
{"level":"info","message":"GET /games/tabela-periodica-bingo/imagens/F.webp","service":"portal-jogos-service","timestamp":"2026-01-11 22:41:46"}
{"level":"info","message":"GET /games/tabela-periodica-bingo/imagens/Ne.webp","service":"portal-jogos-service","timestamp":"2026-01-11 22:41:46"}
{"level":"info","message":"GET /games/tabela-periodica-bingo/imagens/Al.webp","service":"portal-jogos-service","timestamp":"2026-01-11 22:41:46"}
{"level":"info","message":"GET /games/tabela-periodica-bingo/imagens/Si.webp","service":"portal-jogos-service","timestamp":"2026-01-11 22:41:46"}
{"level":"info","message":"GET /games/tabela-periodica-bingo/imagens/P.webp","service":"portal-jogos-service","timestamp":"2026-01-11 22:41:46"}
{"level":"info","message":"GET /games/tabela-periodica-bingo/imagens/S.webp","service":"portal-jogos-service","timestamp":"2026-01-11 22:41:46"}
{"level":"info","message":"GET /games/tabela-periodica-bingo/imagens/Cl.webp","service":"portal-jogos-service","timestamp":"2026-01-11 22:41:46"}
{"level":"info","message":"GET /games/tabela-periodica-bingo/imagens/Ar.webp","service":"portal-jogos-service","timestamp":"2026-01-11 22:41:46"}
{"level":"info","message":"GET /games/tabela-periodica-bingo/imagens/Ga.webp","service":"portal-jogos-service","timestamp":"2026-01-11 22:41:46"}
{"level":"info","message":"GET /games/tabela-periodica-bingo/imagens/Ge.webp","service":"portal-jogos-service","timestamp":"2026-01-11 22:41:46"}
{"level":"info","message":"GET /games/tabela-periodica-bingo/imagens/As.webp","service":"portal-jogos-service","timestamp":"2026-01-11 22:41:46"}
{"level":"info","message":"GET /games/tabela-periodica-bingo/imagens/Se.webp","service":"portal-jogos-service","timestamp":"2026-01-11 22:41:46"}
{"level":"info","message":"GET /games/tabela-periodica-bingo/imagens/Br.webp","service":"portal-jogos-service","timestamp":"2026-01-11 22:41:47"}
{"level":"info","message":"GET /games/tabela-periodica-bingo/imagens/Kr.webp","service":"portal-jogos-service","timestamp":"2026-01-11 22:41:47"}
{"level":"info","message":"GET /games/tabela-periodica-bingo/imagens/In.webp","service":"portal-jogos-service","timestamp":"2026-01-11 22:41:47"}
{"level":"info","message":"GET /games/tabela-periodica-bingo/imagens/Sn.webp","service":"portal-jogos-service","timestamp":"2026-01-11 22:41:47"}
{"level":"info","message":"GET /games/tabela-periodica-bingo/imagens/Sb.webp","service":"portal-jogos-service","timestamp":"2026-01-11 22:41:47"}
{"level":"info","message":"GET /games/tabela-periodica-bingo/imagens/Te.webp","service":"portal-jogos-service","timestamp":"2026-01-11 22:41:47"}
{"level":"info","message":"GET /games/tabela-periodica-bingo/imagens/I.webp","service":"portal-jogos-service","timestamp":"2026-01-11 22:41:47"}
{"level":"info","message":"GET /games/tabela-periodica-bingo/imagens/Xe.webp","service":"portal-jogos-service","timestamp":"2026-01-11 22:41:47"}
{"level":"info","message":"GET /games/tabela-periodica-bingo/imagens/Tl.webp","service":"portal-jogos-service","timestamp":"2026-01-11 22:41:47"}
{"level":"info","message":"GET /games/tabela-periodica-bingo/imagens/Pb.webp","service":"portal-jogos-service","timestamp":"2026-01-11 22:41:47"}
{"level":"info","message":"GET /games/tabela-periodica-bingo/imagens/Bi.webp","service":"portal-jogos-service","timestamp":"2026-01-11 22:41:47"}
{"level":"info","message":"GET /games/tabela-periodica-bingo/imagens/Po.webp","service":"portal-jogos-service","timestamp":"2026-01-11 22:41:47"}
{"level":"info","message":"GET /games/tabela-periodica-bingo/imagens/At.webp","service":"portal-jogos-service","timestamp":"2026-01-11 22:41:47"}
{"level":"info","message":"GET /games/tabela-periodica-bingo/imagens/Rn.webp","service":"portal-jogos-service","timestamp":"2026-01-11 22:41:47"}
{"level":"info","message":"GET /games/tabela-periodica-bingo/imagens/Nh.webp","service":"portal-jogos-service","timestamp":"2026-01-11 22:41:47"}
{"level":"info","message":"GET /games/tabela-periodica-bingo/imagens/Fl.webp","service":"portal-jogos-service","timestamp":"2026-01-11 22:41:47"}
{"level":"info","message":"GET /games/tabela-periodica-bingo/imagens/Mc.webp","service":"portal-jogos-service","timestamp":"2026-01-11 22:41:47"}
{"level":"info","message":"GET /games/tabela-periodica-bingo/imagens/Lv.webp","service":"portal-jogos-service","timestamp":"2026-01-11 22:41:47"}
{"level":"info","message":"GET /games/tabela-periodica-bingo/imagens/Ts.webp","service":"portal-jogos-service","timestamp":"2026-01-11 22:41:47"}
{"level":"info","message":"GET /games/tabela-periodica-bingo/imagens/Og.webp","service":"portal-jogos-service","timestamp":"2026-01-11 22:41:47"}
{"level":"info","message":"GET /games/tabela-periodica-bingo/imagens/Dy.webp","service":"portal-jogos-service","timestamp":"2026-01-11 22:41:47"}
{"level":"info","message":"GET /games/tabela-periodica-bingo/imagens/Ho.webp","service":"portal-jogos-service","timestamp":"2026-01-11 22:41:47"}
{"level":"info","message":"GET /games/tabela-periodica-bingo/imagens/Er.webp","service":"portal-jogos-service","timestamp":"2026-01-11 22:41:47"}
{"level":"info","message":"GET /games/tabela-periodica-bingo/imagens/Tm.webp","service":"portal-jogos-service","timestamp":"2026-01-11 22:41:47"}
{"level":"info","message":"GET /games/tabela-periodica-bingo/imagens/Yb.webp","service":"portal-jogos-service","timestamp":"2026-01-11 22:41:47"}
{"level":"info","message":"GET /games/tabela-periodica-bingo/imagens/Lu.webp","service":"portal-jogos-service","timestamp":"2026-01-11 22:41:47"}
{"level":"info","message":"GET /games/tabela-periodica-bingo/imagens/Ac.webp","service":"portal-jogos-service","timestamp":"2026-01-11 22:41:47"}
{"level":"info","message":"GET /games/tabela-periodica-bingo/imagens/Th.webp","service":"portal-jogos-service","timestamp":"2026-01-11 22:41:47"}
{"level":"info","message":"GET /games/tabela-periodica-bingo/imagens/Pa.webp","service":"portal-jogos-service","timestamp":"2026-01-11 22:41:47"}
{"level":"info","message":"GET /games/tabela-periodica-bingo/imagens/U.webp","service":"portal-jogos-service","timestamp":"2026-01-11 22:41:47"}
{"level":"info","message":"GET /games/tabela-periodica-bingo/imagens/Np.webp","service":"portal-jogos-service","timestamp":"2026-01-11 22:41:47"}
{"level":"info","message":"GET /games/tabela-periodica-bingo/imagens/Pu.webp","service":"portal-jogos-service","timestamp":"2026-01-11 22:41:47"}
{"level":"info","message":"GET /games/tabela-periodica-bingo/imagens/Am.webp","service":"portal-jogos-service","timestamp":"2026-01-11 22:41:47"}
{"level":"info","message":"GET /games/tabela-periodica-bingo/imagens/Cm.webp","service":"portal-jogos-service","timestamp":"2026-01-11 22:41:47"}
{"level":"info","message":"GET /games/tabela-periodica-bingo/imagens/Bk.webp","service":"portal-jogos-service","timestamp":"2026-01-11 22:41:47"}
{"level":"info","message":"GET /games/tabela-periodica-bingo/imagens/Cf.webp","service":"portal-jogos-service","timestamp":"2026-01-11 22:41:47"}
{"level":"info","message":"GET /games/tabela-periodica-bingo/imagens/Es.webp","service":"portal-jogos-service","timestamp":"2026-01-11 22:41:47"}
{"level":"info","message":"GET /games/tabela-periodica-bingo/imagens/Fm.webp","service":"portal-jogos-service","timestamp":"2026-01-11 22:41:47"}
{"level":"info","message":"GET /games/tabela-periodica-bingo/imagens/Md.webp","service":"portal-jogos-service","timestamp":"2026-01-11 22:41:47"}
{"level":"info","message":"GET /games/tabela-periodica-bingo/imagens/No.webp","service":"portal-jogos-service","timestamp":"2026-01-11 22:41:47"}
{"level":"info","message":"GET /games/tabela-periodica-bingo/imagens/Lr.webp","service":"portal-jogos-service","timestamp":"2026-01-11 22:41:47"}
{"level":"info","message":"GET /games/tabela-periodica-bingo/sons/sorteando.mp3","service":"portal-jogos-service","timestamp":"2026-01-11 22:41:47"}
{"level":"info","message":"GET /games/tabela-periodica-bingo/sons/final.mp3","service":"portal-jogos-service","timestamp":"2026-01-11 22:41:47"}
{"level":"info","message":"GET /games/tabela-periodica-bingo/logo-educatech.webp","service":"portal-jogos-service","timestamp":"2026-01-11 22:41:47"}
{"level":"info","message":"POST /api/game-start","service":"portal-jogos-service","timestamp":"2026-01-11 22:42:42"}
{"level":"info","message":"GET /games/roda-a-roda/index.html","service":"portal-jogos-service","timestamp":"2026-01-11 22:42:42"}
{"level":"info","message":"GET /games/roda-a-roda/styles.css","service":"portal-jogos-service","timestamp":"2026-01-11 22:42:42"}
{"level":"info","message":"GET /games/roda-a-roda/assets/images/roleta.webp","service":"portal-jogos-service","timestamp":"2026-01-11 22:42:42"}
{"level":"info","message":"GET /games/roda-a-roda/script.js","service":"portal-jogos-service","timestamp":"2026-01-11 22:42:42"}
{"level":"info","message":"GET /games/roda-a-roda/assets/images/background.webp","service":"portal-jogos-service","timestamp":"2026-01-11 22:42:42"}
{"level":"info","message":"GET /games/roda-a-roda/assets/audio/roleta.mp3","service":"portal-jogos-service","timestamp":"2026-01-11 22:42:42"}
{"level":"info","message":"GET /games/roda-a-roda/assets/audio/resposta-certa-roda-a-roda.mp3","service":"portal-jogos-service","timestamp":"2026-01-11 22:42:42"}
{"level":"info","message":"GET /games/roda-a-roda/assets/audio/letraerrada.wav","service":"portal-jogos-service","timestamp":"2026-01-11 22:42:42"}
{"level":"info","message":"GET /games/roda-a-roda/assets/audio/letrarodaaroda.mp3","service":"portal-jogos-service","timestamp":"2026-01-11 22:42:43"}
{"level":"info","message":"GET /games/roda-a-roda/assets/audio/resposta-certa-roda-a-roda.mp3","service":"portal-jogos-service","timestamp":"2026-01-11 22:42:43"}
{"level":"info","message":"GET /games/roda-a-roda/assets/audio/perdeutudo.mp3","service":"portal-jogos-service","timestamp":"2026-01-11 22:42:43"}
{"level":"info","message":"GET /games/roda-a-roda/assets/audio/letraerrada.wav","service":"portal-jogos-service","timestamp":"2026-01-11 22:42:43"}
{"level":"info","message":"GET /games/roda-a-roda/assets/audio/passouavez.mp3","service":"portal-jogos-service","timestamp":"2026-01-11 22:42:43"}
{"level":"info","message":"GET /games/roda-a-roda/assets/audio/timer.mp3","service":"portal-jogos-service","timestamp":"2026-01-11 22:42:43"}
{"level":"info","message":"GET /games/roda-a-roda/assets/audio/resposta-certa-roda-a-roda.mp3","service":"portal-jogos-service","timestamp":"2026-01-11 22:42:43"}
{"level":"info","message":"GET /games/roda-a-roda/assets/audio/resposta-certa-roda-a-roda.mp3","service":"portal-jogos-service","timestamp":"2026-01-11 22:42:43"}
{"level":"info","message":"POST /api/game-start","service":"portal-jogos-service","timestamp":"2026-01-11 22:42:48"}
{"level":"info","message":"GET /games/detector-fatos/index.html","service":"portal-jogos-service","timestamp":"2026-01-11 22:42:48"}
{"level":"info","message":"POST /api/game-start","service":"portal-jogos-service","timestamp":"2026-01-11 22:42:53"}
{"level":"info","message":"SERVER.JS FILE IS EXECUTING","service":"portal-jogos-service","timestamp":"2026-01-11 23:10:53"}
{"level":"info","message":"Attempting to set up email service...","service":"portal-jogos-service","timestamp":"2026-01-11 23:10:53"}
{"level":"info","message":"Usando Memory Session Store (Dev).","service":"portal-jogos-service","timestamp":"2026-01-11 23:10:55"}
{"level":"info","message":"Servidor rodando em http://localhost:3000","service":"portal-jogos-service","timestamp":"2026-01-11 23:10:55"}
{"level":"info","message":"Conectado ao banco de dados (development).","service":"portal-jogos-service","timestamp":"2026-01-11 23:10:55"}
{"level":"info","message":"Conectado ao banco de dados (production).","service":"portal-jogos-service","timestamp":"2026-01-11 23:30:29"}
{"level":"info","message":"SERVER.JS FILE IS EXECUTING","service":"portal-jogos-service","timestamp":"2026-01-11 23:49:38"}
{"level":"info","message":"Attempting to set up email service...","service":"portal-jogos-service","timestamp":"2026-01-11 23:49:38"}
{"level":"info","message":"Usando Postgres Session Store.","service":"portal-jogos-service","timestamp":"2026-01-11 23:49:40"}
{"level":"info","message":"Servidor rodando em http://localhost:3000","service":"portal-jogos-service","timestamp":"2026-01-11 23:49:40"}
{"level":"info","message":"Conectado ao banco de dados (production).","service":"portal-jogos-service","timestamp":"2026-01-11 23:49:40"}
{"level":"info","message":"GET /index.html","service":"portal-jogos-service","timestamp":"2026-01-11 23:51:52"}
{"level":"info","message":"GET /css/style.css","service":"portal-jogos-service","timestamp":"2026-01-11 23:51:52"}
{"level":"info","message":"GET /assets/imagens/Tela-cheia.webp","service":"portal-jogos-service","timestamp":"2026-01-11 23:51:52"}
{"level":"info","message":"GET /js/main.js","service":"portal-jogos-service","timestamp":"2026-01-11 23:51:52"}
{"level":"info","message":"GET /js/modules/auth.js","service":"portal-jogos-service","timestamp":"2026-01-11 23:51:53"}
{"level":"info","message":"GET /js/modules/games.js","service":"portal-jogos-service","timestamp":"2026-01-11 23:51:53"}
{"level":"info","message":"GET /js/modules/subscription.js","service":"portal-jogos-service","timestamp":"2026-01-11 23:51:53"}
{"level":"info","message":"GET /js/modules/ui.js","service":"portal-jogos-service","timestamp":"2026-01-11 23:51:53"}
{"level":"info","message":"GET /js/modules/utils.js","service":"portal-jogos-service","timestamp":"2026-01-11 23:51:53"}
{"level":"info","message":"GET /api/user-status","service":"portal-jogos-service","timestamp":"2026-01-11 23:51:53"}
{"level":"info","message":"GET /api/games/most-accessed","service":"portal-jogos-service","timestamp":"2026-01-11 23:51:53"}
{"level":"info","message":"GET /games.json","service":"portal-jogos-service","timestamp":"2026-01-11 23:51:53"}
{"level":"info","message":"GET /api/plans","service":"portal-jogos-service","timestamp":"2026-01-11 23:51:53"}
{"level":"info","message":"GET /games/tabela-periodica-bingo/imagens/tamb.webp","service":"portal-jogos-service","timestamp":"2026-01-11 23:51:53"}
{"level":"info","message":"GET /games/roda-a-roda/assets/images/tamb.webp","service":"portal-jogos-service","timestamp":"2026-01-11 23:51:53"}
{"level":"info","message":"GET /games/desafio-exploradores/assets/imagens/tamb.webp","service":"portal-jogos-service","timestamp":"2026-01-11 23:51:53"}
{"level":"info","message":"GET /games/detector-fatos/assets/imagens/tamb.webp","service":"portal-jogos-service","timestamp":"2026-01-11 23:51:53"}
{"level":"info","message":"GET /games/game-memoria/assets/imagens/tamb-m.webp","service":"portal-jogos-service","timestamp":"2026-01-11 23:51:53"}
{"level":"info","message":"GET /games/game-memoria/assets/imagens/tamb-p.webp","service":"portal-jogos-service","timestamp":"2026-01-11 23:51:53"}
{"level":"info","message":"POST /api/game-start","service":"portal-jogos-service","timestamp":"2026-01-11 23:54:26"}
{"level":"info","message":"GET /register.html","service":"portal-jogos-service","timestamp":"2026-01-11 23:54:30"}
{"level":"info","message":"GET /css/style.css","service":"portal-jogos-service","timestamp":"2026-01-11 23:54:31"}
{"level":"info","message":"GET /js/main.js","service":"portal-jogos-service","timestamp":"2026-01-11 23:54:31"}
{"level":"info","message":"GET /js/modules/auth.js","service":"portal-jogos-service","timestamp":"2026-01-11 23:54:32"}
{"level":"info","message":"GET /js/modules/games.js","service":"portal-jogos-service","timestamp":"2026-01-11 23:54:32"}
{"level":"info","message":"GET /js/modules/subscription.js","service":"portal-jogos-service","timestamp":"2026-01-11 23:54:32"}
{"level":"info","message":"GET /js/modules/ui.js","service":"portal-jogos-service","timestamp":"2026-01-11 23:54:32"}
{"level":"info","message":"GET /js/modules/utils.js","service":"portal-jogos-service","timestamp":"2026-01-11 23:54:32"}
{"level":"info","message":"GET /api/user-status","service":"portal-jogos-service","timestamp":"2026-01-11 23:54:32"}
{"level":"info","message":"GET /api/plans","service":"portal-jogos-service","timestamp":"2026-01-11 23:54:32"}
{"level":"info","message":"GET /login.html","service":"portal-jogos-service","timestamp":"2026-01-11 23:54:38"}
{"level":"info","message":"GET /css/style.css","service":"portal-jogos-service","timestamp":"2026-01-11 23:54:38"}
{"level":"info","message":"GET /js/main.js","service":"portal-jogos-service","timestamp":"2026-01-11 23:54:38"}
{"level":"info","message":"GET /js/modules/auth.js","service":"portal-jogos-service","timestamp":"2026-01-11 23:54:39"}
{"level":"info","message":"GET /js/modules/games.js","service":"portal-jogos-service","timestamp":"2026-01-11 23:54:39"}
{"level":"info","message":"GET /js/modules/subscription.js","service":"portal-jogos-service","timestamp":"2026-01-11 23:54:39"}
{"level":"info","message":"GET /js/modules/ui.js","service":"portal-jogos-service","timestamp":"2026-01-11 23:54:39"}
{"level":"info","message":"GET /js/modules/utils.js","service":"portal-jogos-service","timestamp":"2026-01-11 23:54:39"}
{"level":"info","message":"GET /api/user-status","service":"portal-jogos-service","timestamp":"2026-01-11 23:54:39"}
{"level":"info","message":"GET /api/plans","service":"portal-jogos-service","timestamp":"2026-01-11 23:54:39"}
{"level":"info","message":"GET /api/auth/google","service":"portal-jogos-service","timestamp":"2026-01-11 23:54:39"}
{"level":"info","message":"POST /api/login","service":"portal-jogos-service","timestamp":"2026-01-11 23:54:48"}
{"level":"info","message":"GET /register.html","service":"portal-jogos-service","timestamp":"2026-01-11 23:54:52"}
{"level":"info","message":"GET /css/style.css","service":"portal-jogos-service","timestamp":"2026-01-11 23:54:52"}
{"level":"info","message":"GET /js/main.js","service":"portal-jogos-service","timestamp":"2026-01-11 23:54:52"}
{"level":"info","message":"GET /js/modules/auth.js","service":"portal-jogos-service","timestamp":"2026-01-11 23:54:52"}
{"level":"info","message":"GET /js/modules/games.js","service":"portal-jogos-service","timestamp":"2026-01-11 23:54:52"}
{"level":"info","message":"GET /js/modules/subscription.js","service":"portal-jogos-service","timestamp":"2026-01-11 23:54:52"}
{"level":"info","message":"GET /js/modules/ui.js","service":"portal-jogos-service","timestamp":"2026-01-11 23:54:52"}
{"level":"info","message":"GET /js/modules/utils.js","service":"portal-jogos-service","timestamp":"2026-01-11 23:54:52"}
{"level":"info","message":"GET /api/user-status","service":"portal-jogos-service","timestamp":"2026-01-11 23:54:52"}
{"level":"info","message":"GET /api/plans","service":"portal-jogos-service","timestamp":"2026-01-11 23:54:52"}
{"level":"info","message":"POST /api/register","service":"portal-jogos-service","timestamp":"2026-01-11 23:54:57"}
{"level":"info","message":"GET /css/style.css","service":"portal-jogos-service","timestamp":"2026-01-11 23:55:04"}
{"level":"info","message":"GET /.well-known/appspecific/com.chrome.devtools.json","service":"portal-jogos-service","timestamp":"2026-01-11 23:55:04"}
{"level":"info","message":"SERVER.JS FILE IS EXECUTING","service":"portal-jogos-service","timestamp":"2026-01-11 23:59:40"}
{"level":"info","message":"Attempting to set up email service...","service":"portal-jogos-service","timestamp":"2026-01-11 23:59:40"}
{"level":"info","message":"Usando Postgres Session Store.","service":"portal-jogos-service","timestamp":"2026-01-11 23:59:42"}
{"level":"info","message":"Servidor rodando em http://localhost:3000","service":"portal-jogos-service","timestamp":"2026-01-11 23:59:42"}
{"level":"info","message":"Conectado ao banco de dados (production).","service":"portal-jogos-service","timestamp":"2026-01-11 23:59:43"}
{"level":"info","message":"GET /register.html","service":"portal-jogos-service","timestamp":"2026-01-12 00:00:18"}
{"level":"info","message":"GET /css/style.css","service":"portal-jogos-service","timestamp":"2026-01-12 00:00:18"}
{"level":"info","message":"GET /js/main.js","service":"portal-jogos-service","timestamp":"2026-01-12 00:00:18"}
{"level":"info","message":"GET /.well-known/appspecific/com.chrome.devtools.json","service":"portal-jogos-service","timestamp":"2026-01-12 00:00:18"}
{"level":"info","message":"GET /js/modules/auth.js","service":"portal-jogos-service","timestamp":"2026-01-12 00:00:19"}
{"level":"info","message":"GET /js/modules/games.js","service":"portal-jogos-service","timestamp":"2026-01-12 00:00:19"}
{"level":"info","message":"GET /js/modules/subscription.js","service":"portal-jogos-service","timestamp":"2026-01-12 00:00:19"}
{"level":"info","message":"GET /js/modules/ui.js","service":"portal-jogos-service","timestamp":"2026-01-12 00:00:19"}
{"level":"info","message":"GET /js/modules/utils.js","service":"portal-jogos-service","timestamp":"2026-01-12 00:00:19"}
{"level":"info","message":"GET /api/user-status","service":"portal-jogos-service","timestamp":"2026-01-12 00:00:19"}
{"level":"info","message":"GET /api/plans","service":"portal-jogos-service","timestamp":"2026-01-12 00:00:20"}
{"level":"info","message":"SERVER.JS FILE IS EXECUTING","service":"portal-jogos-service","timestamp":"2026-01-12 00:08:46"}
{"level":"info","message":"Attempting to set up email service...","service":"portal-jogos-service","timestamp":"2026-01-12 00:08:47"}
{"level":"info","message":"Usando Postgres Session Store.","service":"portal-jogos-service","timestamp":"2026-01-12 00:08:49"}
{"level":"info","message":"Servidor rodando em http://localhost:3000","service":"portal-jogos-service","timestamp":"2026-01-12 00:08:49"}
{"level":"info","message":"Conectado ao banco de dados (production).","service":"portal-jogos-service","timestamp":"2026-01-12 00:08:49"}
{"level":"info","message":"SERVER.JS FILE IS EXECUTING","service":"portal-jogos-service","timestamp":"2026-01-12 00:09:39"}
{"level":"info","message":"Attempting to set up email service...","service":"portal-jogos-service","timestamp":"2026-01-12 00:09:40"}
{"level":"info","message":"Usando Postgres Session Store.","service":"portal-jogos-service","timestamp":"2026-01-12 00:09:42"}
{"level":"info","message":"Servidor rodando em http://localhost:3001","service":"portal-jogos-service","timestamp":"2026-01-12 00:09:42"}
{"level":"info","message":"Conectado ao banco de dados (production).","service":"portal-jogos-service","timestamp":"2026-01-12 00:09:42"}
{"level":"info","message":"GET /","service":"portal-jogos-service","timestamp":"2026-01-12 00:10:42"}
{"level":"info","message":"GET /css/style.css","service":"portal-jogos-service","timestamp":"2026-01-12 00:10:42"}
{"level":"info","message":"GET /assets/imagens/Tela-cheia.webp","service":"portal-jogos-service","timestamp":"2026-01-12 00:10:42"}
{"level":"info","message":"GET /js/main.js","service":"portal-jogos-service","timestamp":"2026-01-12 00:10:42"}
{"level":"info","message":"GET /js/modules/auth.js","service":"portal-jogos-service","timestamp":"2026-01-12 00:10:43"}
{"level":"info","message":"GET /js/modules/games.js","service":"portal-jogos-service","timestamp":"2026-01-12 00:10:43"}
{"level":"info","message":"GET /js/modules/subscription.js","service":"portal-jogos-service","timestamp":"2026-01-12 00:10:43"}
{"level":"info","message":"GET /js/modules/ui.js","service":"portal-jogos-service","timestamp":"2026-01-12 00:10:43"}
{"level":"info","message":"GET /js/modules/utils.js","service":"portal-jogos-service","timestamp":"2026-01-12 00:10:43"}
{"level":"info","message":"GET /api/user-status","service":"portal-jogos-service","timestamp":"2026-01-12 00:10:43"}
{"level":"info","message":"GET /api/games/most-accessed","service":"portal-jogos-service","timestamp":"2026-01-12 00:10:43"}
{"level":"info","message":"GET /games.json","service":"portal-jogos-service","timestamp":"2026-01-12 00:10:43"}
{"level":"info","message":"GET /favicon.ico","service":"portal-jogos-service","timestamp":"2026-01-12 00:10:43"}
{"level":"info","message":"GET /api/plans","service":"portal-jogos-service","timestamp":"2026-01-12 00:10:43"}
{"level":"info","message":"GET /games/tabela-periodica-bingo/imagens/tamb.webp","service":"portal-jogos-service","timestamp":"2026-01-12 00:10:44"}
{"level":"info","message":"GET /games/roda-a-roda/assets/images/tamb.webp","service":"portal-jogos-service","timestamp":"2026-01-12 00:10:44"}
{"level":"info","message":"GET /games/desafio-exploradores/assets/imagens/tamb.webp","service":"portal-jogos-service","timestamp":"2026-01-12 00:10:44"}
{"level":"info","message":"GET /games/detector-fatos/assets/imagens/tamb.webp","service":"portal-jogos-service","timestamp":"2026-01-12 00:10:44"}
{"level":"info","message":"GET /games/game-memoria/assets/imagens/tamb-m.webp","service":"portal-jogos-service","timestamp":"2026-01-12 00:10:44"}
{"level":"info","message":"GET /games/game-memoria/assets/imagens/tamb-p.webp","service":"portal-jogos-service","timestamp":"2026-01-12 00:10:44"}
{"level":"info","message":"GET /","service":"portal-jogos-service","timestamp":"2026-01-12 00:10:48"}
{"level":"info","message":"GET /css/style.css","service":"portal-jogos-service","timestamp":"2026-01-12 00:10:48"}
{"level":"info","message":"GET /assets/imagens/Tela-cheia.webp","service":"portal-jogos-service","timestamp":"2026-01-12 00:10:48"}
{"level":"info","message":"GET /js/main.js","service":"portal-jogos-service","timestamp":"2026-01-12 00:10:48"}
{"level":"info","message":"GET /js/modules/auth.js","service":"portal-jogos-service","timestamp":"2026-01-12 00:10:49"}
{"level":"info","message":"GET /js/modules/games.js","service":"portal-jogos-service","timestamp":"2026-01-12 00:10:49"}
{"level":"info","message":"GET /js/modules/subscription.js","service":"portal-jogos-service","timestamp":"2026-01-12 00:10:49"}
{"level":"info","message":"GET /js/modules/ui.js","service":"portal-jogos-service","timestamp":"2026-01-12 00:10:49"}
{"level":"info","message":"GET /js/modules/utils.js","service":"portal-jogos-service","timestamp":"2026-01-12 00:10:49"}
{"level":"info","message":"GET /api/user-status","service":"portal-jogos-service","timestamp":"2026-01-12 00:10:49"}
{"level":"info","message":"GET /api/games/most-accessed","service":"portal-jogos-service","timestamp":"2026-01-12 00:10:49"}
{"level":"info","message":"GET /games.json","service":"portal-jogos-service","timestamp":"2026-01-12 00:10:49"}
{"level":"info","message":"GET /api/plans","service":"portal-jogos-service","timestamp":"2026-01-12 00:10:49"}
{"level":"info","message":"GET /games/tabela-periodica-bingo/imagens/tamb.webp","service":"portal-jogos-service","timestamp":"2026-01-12 00:10:49"}
{"level":"info","message":"GET /games/roda-a-roda/assets/images/tamb.webp","service":"portal-jogos-service","timestamp":"2026-01-12 00:10:49"}
{"level":"info","message":"GET /games/desafio-exploradores/assets/imagens/tamb.webp","service":"portal-jogos-service","timestamp":"2026-01-12 00:10:49"}
{"level":"info","message":"GET /games/detector-fatos/assets/imagens/tamb.webp","service":"portal-jogos-service","timestamp":"2026-01-12 00:10:49"}
{"level":"info","message":"GET /games/game-memoria/assets/imagens/tamb-m.webp","service":"portal-jogos-service","timestamp":"2026-01-12 00:10:49"}
{"level":"info","message":"GET /games/game-memoria/assets/imagens/tamb-p.webp","service":"portal-jogos-service","timestamp":"2026-01-12 00:10:49"}
{"level":"info","message":"GET /","service":"portal-jogos-service","timestamp":"2026-01-12 00:10:53"}
{"level":"info","message":"GET /css/style.css","service":"portal-jogos-service","timestamp":"2026-01-12 00:10:54"}
{"level":"info","message":"GET /assets/imagens/Tela-cheia.webp","service":"portal-jogos-service","timestamp":"2026-01-12 00:10:54"}
{"level":"info","message":"GET /js/main.js","service":"portal-jogos-service","timestamp":"2026-01-12 00:10:54"}
{"level":"info","message":"GET /js/modules/auth.js","service":"portal-jogos-service","timestamp":"2026-01-12 00:10:55"}
{"level":"info","message":"GET /js/modules/games.js","service":"portal-jogos-service","timestamp":"2026-01-12 00:10:55"}
{"level":"info","message":"GET /js/modules/subscription.js","service":"portal-jogos-service","timestamp":"2026-01-12 00:10:55"}
{"level":"info","message":"GET /js/modules/ui.js","service":"portal-jogos-service","timestamp":"2026-01-12 00:10:55"}
{"level":"info","message":"GET /js/modules/utils.js","service":"portal-jogos-service","timestamp":"2026-01-12 00:10:55"}
{"level":"info","message":"GET /api/user-status","service":"portal-jogos-service","timestamp":"2026-01-12 00:10:55"}
{"level":"info","message":"GET /api/games/most-accessed","service":"portal-jogos-service","timestamp":"2026-01-12 00:10:55"}
{"level":"info","message":"GET /games.json","service":"portal-jogos-service","timestamp":"2026-01-12 00:10:55"}
{"level":"info","message":"GET /api/plans","service":"portal-jogos-service","timestamp":"2026-01-12 00:10:55"}
{"level":"info","message":"GET /games/tabela-periodica-bingo/imagens/tamb.webp","service":"portal-jogos-service","timestamp":"2026-01-12 00:10:55"}
{"level":"info","message":"GET /games/roda-a-roda/assets/images/tamb.webp","service":"portal-jogos-service","timestamp":"2026-01-12 00:10:55"}
{"level":"info","message":"GET /games/desafio-exploradores/assets/imagens/tamb.webp","service":"portal-jogos-service","timestamp":"2026-01-12 00:10:55"}
{"level":"info","message":"GET /games/detector-fatos/assets/imagens/tamb.webp","service":"portal-jogos-service","timestamp":"2026-01-12 00:10:55"}
{"level":"info","message":"GET /games/game-memoria/assets/imagens/tamb-m.webp","service":"portal-jogos-service","timestamp":"2026-01-12 00:10:55"}
{"level":"info","message":"GET /games/game-memoria/assets/imagens/tamb-p.webp","service":"portal-jogos-service","timestamp":"2026-01-12 00:10:55"}
{"level":"info","message":"SERVER.JS FILE IS EXECUTING","service":"portal-jogos-service","timestamp":"2026-01-12 00:11:18"}
{"level":"info","message":"Attempting to set up email service...","service":"portal-jogos-service","timestamp":"2026-01-12 00:11:18"}
{"level":"info","message":"Usando Postgres Session Store.","service":"portal-jogos-service","timestamp":"2026-01-12 00:11:20"}
{"level":"info","message":"Servidor rodando em http://localhost:3001","service":"portal-jogos-service","timestamp":"2026-01-12 00:11:20"}
{"level":"info","message":"Conectado ao banco de dados (production).","service":"portal-jogos-service","timestamp":"2026-01-12 00:11:21"}
{"level":"info","message":"SERVER.JS FILE IS EXECUTING","service":"portal-jogos-service","timestamp":"2026-01-12 00:12:25"}
{"level":"info","message":"Attempting to set up email service...","service":"portal-jogos-service","timestamp":"2026-01-12 00:12:25"}
{"level":"info","message":"Usando Postgres Session Store.","service":"portal-jogos-service","timestamp":"2026-01-12 00:12:27"}
{"level":"info","message":"Servidor rodando em http://localhost:3001","service":"portal-jogos-service","timestamp":"2026-01-12 00:12:27"}
{"level":"info","message":"Conectado ao banco de dados (production).","service":"portal-jogos-service","timestamp":"2026-01-12 00:12:31"}
{"level":"info","message":"SERVER.JS FILE IS EXECUTING","service":"portal-jogos-service","timestamp":"2026-01-12 00:13:28"}
{"level":"info","message":"Attempting to set up email service...","service":"portal-jogos-service","timestamp":"2026-01-12 00:13:28"}
{"level":"info","message":"Usando Postgres Session Store.","service":"portal-jogos-service","timestamp":"2026-01-12 00:13:30"}
{"level":"info","message":"Servidor rodando em http://localhost:3001","service":"portal-jogos-service","timestamp":"2026-01-12 00:13:30"}
{"level":"info","message":"Conectado ao banco de dados (production).","service":"portal-jogos-service","timestamp":"2026-01-12 00:13:31"}
{"level":"info","message":"GET /games.json","service":"portal-jogos-service","timestamp":"2026-01-12 00:14:17"}
{"level":"info","message":"SERVER.JS FILE IS EXECUTING","service":"portal-jogos-service","timestamp":"2026-01-12 00:16:41"}
{"level":"info","message":"Attempting to set up email service...","service":"portal-jogos-service","timestamp":"2026-01-12 00:16:41"}
{"level":"info","message":"Usando Postgres Session Store.","service":"portal-jogos-service","timestamp":"2026-01-12 00:16:43"}
{"level":"info","message":"Servidor rodando em http://localhost:3001","service":"portal-jogos-service","timestamp":"2026-01-12 00:16:43"}
{"level":"info","message":"Conectado ao banco de dados (production).","service":"portal-jogos-service","timestamp":"2026-01-12 00:16:44"}
{"level":"info","message":"GET /games.json","service":"portal-jogos-service","timestamp":"2026-01-12 00:17:30"}
{"level":"info","message":"SERVER.JS FILE IS EXECUTING","service":"portal-jogos-service","timestamp":"2026-01-12 00:18:00"}
{"level":"info","message":"Attempting to set up email service...","service":"portal-jogos-service","timestamp":"2026-01-12 00:18:00"}
{"level":"info","message":"Usando Postgres Session Store.","service":"portal-jogos-service","timestamp":"2026-01-12 00:18:02"}
{"level":"info","message":"Servidor rodando em http://localhost:3001","service":"portal-jogos-service","timestamp":"2026-01-12 00:18:02"}
{"level":"info","message":"Conectado ao banco de dados (production).","service":"portal-jogos-service","timestamp":"2026-01-12 00:18:03"}
{"level":"info","message":"GET /games.json","service":"portal-jogos-service","timestamp":"2026-01-12 00:18:48"}
{"level":"info","message":"SERVER.JS FILE IS EXECUTING","service":"portal-jogos-service","timestamp":"2026-01-12 00:20:08"}
{"level":"info","message":"Attempting to set up email service...","service":"portal-jogos-service","timestamp":"2026-01-12 00:20:08"}
{"level":"info","message":"Usando Postgres Session Store.","service":"portal-jogos-service","timestamp":"2026-01-12 00:20:11"}
{"level":"info","message":"Servidor rodando em http://localhost:3001","service":"portal-jogos-service","timestamp":"2026-01-12 00:20:11"}
{"level":"info","message":"Conectado ao banco de dados (production).","service":"portal-jogos-service","timestamp":"2026-01-12 00:20:11"}
{"level":"info","message":"GET /games.json","service":"portal-jogos-service","timestamp":"2026-01-12 00:22:33"}
{"level":"info","message":"SERVER.JS FILE IS EXECUTING","service":"portal-jogos-service","timestamp":"2026-01-12 00:21:45"}
{"level":"info","message":"Attempting to set up email service...","service":"portal-jogos-service","timestamp":"2026-01-12 00:21:48"}
{"level":"info","message":"Usando Postgres Session Store.","service":"portal-jogos-service","timestamp":"2026-01-12 00:22:40"}
{"level":"info","message":"Servidor rodando em http://localhost:3001","service":"portal-jogos-service","timestamp":"2026-01-12 00:22:40"}
{"level":"info","message":"Conectado ao banco de dados (production).","service":"portal-jogos-service","timestamp":"2026-01-12 00:22:41"}
{"level":"info","message":"GET /games.json","service":"portal-jogos-service","timestamp":"2026-01-12 00:22:47"}
{"level":"info","message":"GET /games.json","service":"portal-jogos-service","timestamp":"2026-01-12 00:23:05"}
{"level":"info","message":"GET /","service":"portal-jogos-service","timestamp":"2026-01-12 00:23:13"}
{"level":"info","message":"GET /.well-known/appspecific/com.chrome.devtools.json","service":"portal-jogos-service","timestamp":"2026-01-12 00:23:14"}
{"level":"info","message":"GET /css/style.css","service":"portal-jogos-service","timestamp":"2026-01-12 00:23:14"}
{"level":"info","message":"GET /js/main.js","service":"portal-jogos-service","timestamp":"2026-01-12 00:23:14"}
{"level":"info","message":"GET /assets/imagens/Tela-cheia.webp","service":"portal-jogos-service","timestamp":"2026-01-12 00:23:14"}
{"level":"info","message":"GET /js/modules/auth.js","service":"portal-jogos-service","timestamp":"2026-01-12 00:23:15"}
{"level":"info","message":"GET /js/modules/games.js","service":"portal-jogos-service","timestamp":"2026-01-12 00:23:15"}
{"level":"info","message":"GET /js/modules/subscription.js","service":"portal-jogos-service","timestamp":"2026-01-12 00:23:15"}
{"level":"info","message":"GET /js/modules/ui.js","service":"portal-jogos-service","timestamp":"2026-01-12 00:23:15"}
{"level":"info","message":"GET /js/modules/utils.js","service":"portal-jogos-service","timestamp":"2026-01-12 00:23:15"}
{"level":"info","message":"GET /api/user-status","service":"portal-jogos-service","timestamp":"2026-01-12 00:23:15"}
{"level":"info","message":"GET /api/games/most-accessed","service":"portal-jogos-service","timestamp":"2026-01-12 00:23:15"}
{"level":"info","message":"GET /games.json","service":"portal-jogos-service","timestamp":"2026-01-12 00:23:15"}
{"level":"info","message":"GET /api/plans","service":"portal-jogos-service","timestamp":"2026-01-12 00:23:15"}
{"level":"info","message":"GET /games/tabela-periodica-bingo/imagens/tamb.webp","service":"portal-jogos-service","timestamp":"2026-01-12 00:23:15"}
{"level":"info","message":"GET /games/roda-a-roda/assets/images/tamb.webp","service":"portal-jogos-service","timestamp":"2026-01-12 00:23:15"}
{"level":"info","message":"GET /games/desafio-exploradores/assets/imagens/tamb.webp","service":"portal-jogos-service","timestamp":"2026-01-12 00:23:15"}
{"level":"info","message":"GET /games/detector-fatos/assets/imagens/tamb.webp","service":"portal-jogos-service","timestamp":"2026-01-12 00:23:15"}
{"level":"info","message":"GET /games/game-memoria/assets/imagens/tamb-m.webp","service":"portal-jogos-service","timestamp":"2026-01-12 00:23:16"}
{"level":"info","message":"GET /games/game-memoria/assets/imagens/tamb-p.webp","service":"portal-jogos-service","timestamp":"2026-01-12 00:23:16"}
{"level":"info","message":"GET /games.json","service":"portal-jogos-service","timestamp":"2026-01-12 00:23:25"}
{"level":"info","message":"SERVER.JS FILE IS EXECUTING","service":"portal-jogos-service","timestamp":"2026-01-12 00:25:23"}
{"level":"info","message":"Attempting to set up email service...","service":"portal-jogos-service","timestamp":"2026-01-12 00:25:24"}
{"level":"info","message":"Usando Postgres Session Store.","service":"portal-jogos-service","timestamp":"2026-01-12 00:25:26"}
{"level":"info","message":"Servidor rodando em http://localhost:3001","service":"portal-jogos-service","timestamp":"2026-01-12 00:25:26"}
{"level":"info","message":"Conectado ao banco de dados (production).","service":"portal-jogos-service","timestamp":"2026-01-12 00:25:28"}
{"level":"info","message":"GET /games.json","service":"portal-jogos-service","timestamp":"2026-01-12 00:26:06"}
{"level":"info","message":"GET /games/tabela-periodica-bingo/imagens/tamb.webp","service":"portal-jogos-service","timestamp":"2026-01-12 00:27:43"}
{"level":"info","message":"GET /games/roda-a-roda/assets/images/tamb.webp","service":"portal-jogos-service","timestamp":"2026-01-12 00:27:43"}
{"level":"info","message":"GET /games/desafio-exploradores/assets/imagens/tamb.webp","service":"portal-jogos-service","timestamp":"2026-01-12 00:27:43"}
{"level":"info","message":"GET /games/detector-fatos/assets/imagens/tamb.webp","service":"portal-jogos-service","timestamp":"2026-01-12 00:27:46"}
{"level":"info","message":"GET /games/game-memoria/assets/imagens/tamb-m.webp","service":"portal-jogos-service","timestamp":"2026-01-12 00:27:46"}
{"level":"info","message":"GET /games/game-memoria/assets/imagens/tamb-p.webp","service":"portal-jogos-service","timestamp":"2026-01-12 00:27:46"}
{"level":"info","message":"GET /games.json","service":"portal-jogos-service","timestamp":"2026-01-12 00:28:18"}
{"level":"info","message":"GET /games/tabela-periodica-bingo/imagens/tamb.webp","service":"portal-jogos-service","timestamp":"2026-01-12 00:28:19"}
{"level":"info","message":"GET /games/roda-a-roda/assets/images/tamb.webp","service":"portal-jogos-service","timestamp":"2026-01-12 00:28:19"}
{"level":"info","message":"GET /games/desafio-exploradores/assets/imagens/tamb.webp","service":"portal-jogos-service","timestamp":"2026-01-12 00:28:20"}
{"level":"info","message":"GET /games/detector-fatos/assets/imagens/tamb.webp","service":"portal-jogos-service","timestamp":"2026-01-12 00:28:20"}
{"level":"info","message":"GET /games/game-memoria/assets/imagens/tamb-m.webp","service":"portal-jogos-service","timestamp":"2026-01-12 00:28:20"}
{"level":"info","message":"GET /games/game-memoria/assets/imagens/tamb-p.webp","service":"portal-jogos-service","timestamp":"2026-01-12 00:28:20"}
{"level":"info","message":"SERVER.JS FILE IS EXECUTING","service":"portal-jogos-service","timestamp":"2026-01-12 00:29:25"}
{"level":"info","message":"Attempting to set up email service...","service":"portal-jogos-service","timestamp":"2026-01-12 00:29:25"}
{"level":"info","message":"Usando Postgres Session Store.","service":"portal-jogos-service","timestamp":"2026-01-12 00:29:29"}
{"level":"info","message":"Servidor rodando em http://localhost:3001","service":"portal-jogos-service","timestamp":"2026-01-12 00:29:29"}
{"level":"info","message":"Conectado ao banco de dados (production).","service":"portal-jogos-service","timestamp":"2026-01-12 00:29:30"}
{"level":"info","message":"GET /games.json","service":"portal-jogos-service","timestamp":"2026-01-12 00:29:55"}
{"level":"info","message":"GET /games/tabela-periodica-bingo/imagens/tamb.webp","service":"portal-jogos-service","timestamp":"2026-01-12 00:29:56"}
{"level":"info","message":"GET /games/roda-a-roda/assets/images/tamb.webp","service":"portal-jogos-service","timestamp":"2026-01-12 00:29:56"}
{"level":"info","message":"GET /games/desafio-exploradores/assets/imagens/tamb.webp","service":"portal-jogos-service","timestamp":"2026-01-12 00:29:56"}
{"level":"info","message":"GET /games/detector-fatos/assets/imagens/tamb.webp","service":"portal-jogos-service","timestamp":"2026-01-12 00:29:56"}
{"level":"info","message":"GET /games/game-memoria/assets/imagens/tamb-m.webp","service":"portal-jogos-service","timestamp":"2026-01-12 00:29:57"}
{"level":"info","message":"GET /games/game-memoria/assets/imagens/tamb-p.webp","service":"portal-jogos-service","timestamp":"2026-01-12 00:29:57"}
{"level":"info","message":"GET /games.json","service":"portal-jogos-service","timestamp":"2026-01-12 00:30:52"}
{"level":"info","message":"GET /games.json","service":"portal-jogos-service","timestamp":"2026-01-12 00:30:59"}
{"level":"info","message":"GET /games/tabela-periodica-bingo/imagens/tamb.webp","service":"portal-jogos-service","timestamp":"2026-01-12 00:30:59"}
{"level":"info","message":"GET /games/roda-a-roda/assets/images/tamb.webp","service":"portal-jogos-service","timestamp":"2026-01-12 00:30:59"}
{"level":"info","message":"GET /games/desafio-exploradores/assets/imagens/tamb.webp","service":"portal-jogos-service","timestamp":"2026-01-12 00:30:59"}
{"level":"info","message":"GET /games/detector-fatos/assets/imagens/tamb.webp","service":"portal-jogos-service","timestamp":"2026-01-12 00:31:01"}
{"level":"info","message":"GET /games/game-memoria/assets/imagens/tamb-m.webp","service":"portal-jogos-service","timestamp":"2026-01-12 00:31:01"}
{"level":"info","message":"GET /games/game-memoria/assets/imagens/tamb-p.webp","service":"portal-jogos-service","timestamp":"2026-01-12 00:31:01"}
{"level":"info","message":"GET /games.json","service":"portal-jogos-service","timestamp":"2026-01-12 00:32:08"}
{"level":"info","message":"GET /games.json","service":"portal-jogos-service","timestamp":"2026-01-12 00:32:08"}
{"level":"info","message":"GET /games/roda-a-roda/index.html","service":"portal-jogos-service","timestamp":"2026-01-12 00:32:08"}
{"level":"info","message":"SERVER.JS FILE IS EXECUTING","service":"portal-jogos-service","timestamp":"2026-01-12 00:33:04"}
{"level":"info","message":"Attempting to set up email service...","service":"portal-jogos-service","timestamp":"2026-01-12 00:33:04"}
{"level":"info","message":"Usando Postgres Session Store.","service":"portal-jogos-service","timestamp":"2026-01-12 00:33:06"}
{"level":"info","message":"Servidor rodando em http://localhost:3001","service":"portal-jogos-service","timestamp":"2026-01-12 00:33:06"}
{"level":"info","message":"Conectado ao banco de dados (production).","service":"portal-jogos-service","timestamp":"2026-01-12 00:33:07"}
{"level":"info","message":"GET /games.json","service":"portal-jogos-service","timestamp":"2026-01-12 00:33:29"}
{"level":"info","message":"GET /games/roda-a-roda/index.html","service":"portal-jogos-service","timestamp":"2026-01-12 00:33:29"}
{"level":"info","message":"GET /games/roda-a-roda/styles.css","service":"portal-jogos-service","timestamp":"2026-01-12 00:33:30"}
{"level":"info","message":"GET /games/roda-a-roda/assets/images/roleta.webp","service":"portal-jogos-service","timestamp":"2026-01-12 00:33:30"}
{"level":"info","message":"GET /games/roda-a-roda/script.js","service":"portal-jogos-service","timestamp":"2026-01-12 00:33:31"}
{"level":"info","message":"GET /games/roda-a-roda/assets/audio/roleta.mp3","service":"portal-jogos-service","timestamp":"2026-01-12 00:33:32"}
{"level":"info","message":"GET /games/roda-a-roda/assets/audio/resposta-certa-roda-a-roda.mp3","service":"portal-jogos-service","timestamp":"2026-01-12 00:33:32"}
{"level":"info","message":"GET /games/roda-a-roda/assets/audio/letraerrada.wav","service":"portal-jogos-service","timestamp":"2026-01-12 00:33:32"}
{"level":"info","message":"GET /games/roda-a-roda/assets/images/background.webp","service":"portal-jogos-service","timestamp":"2026-01-12 00:33:32"}
{"level":"info","message":"GET /games/roda-a-roda/assets/audio/letrarodaaroda.mp3","service":"portal-jogos-service","timestamp":"2026-01-12 00:33:32"}
{"level":"info","message":"GET /games/roda-a-roda/assets/audio/resposta-certa-roda-a-roda.mp3","service":"portal-jogos-service","timestamp":"2026-01-12 00:33:32"}
{"level":"info","message":"GET /games/roda-a-roda/assets/audio/resposta-certa-roda-a-roda.mp3","service":"portal-jogos-service","timestamp":"2026-01-12 00:33:32"}
{"level":"info","message":"GET /games/roda-a-roda/assets/audio/perdeutudo.mp3","service":"portal-jogos-service","timestamp":"2026-01-12 00:33:32"}
{"level":"info","message":"GET /games/roda-a-roda/assets/audio/resposta-certa-roda-a-roda.mp3","service":"portal-jogos-service","timestamp":"2026-01-12 00:33:32"}
{"level":"info","message":"GET /games/roda-a-roda/assets/audio/passouavez.mp3","service":"portal-jogos-service","timestamp":"2026-01-12 00:33:32"}
{"level":"info","message":"GET /games/roda-a-roda/assets/audio/timer.mp3","service":"portal-jogos-service","timestamp":"2026-01-12 00:33:32"}
{"level":"info","message":"GET /games/roda-a-roda/assets/audio/letraerrada.wav","service":"portal-jogos-service","timestamp":"2026-01-12 00:33:32"}
{"level":"info","message":"GET /games/roda-a-roda/assets/audio/resposta-certa-roda-a-roda.mp3","service":"portal-jogos-service","timestamp":"2026-01-12 00:33:32"}
{"level":"info","message":"GET /games.json","service":"portal-jogos-service","timestamp":"2026-01-12 00:33:46"}
{"level":"info","message":"GET /games.json","service":"portal-jogos-service","timestamp":"2026-01-12 00:33:46"}
{"level":"info","message":"GET /games/tabela-periodica-bingo/imagens/tamb.webp","service":"portal-jogos-service","timestamp":"2026-01-12 00:33:46"}
{"level":"info","message":"GET /games/roda-a-roda/assets/images/tamb.webp","service":"portal-jogos-service","timestamp":"2026-01-12 00:33:46"}
{"level":"info","message":"GET /games/desafio-exploradores/assets/imagens/tamb.webp","service":"portal-jogos-service","timestamp":"2026-01-12 00:33:46"}
{"level":"info","message":"GET /games/detector-fatos/assets/imagens/tamb.webp","service":"portal-jogos-service","timestamp":"2026-01-12 00:33:46"}
{"level":"info","message":"GET /games/game-memoria/assets/imagens/tamb-m.webp","service":"portal-jogos-service","timestamp":"2026-01-12 00:33:46"}
{"level":"info","message":"GET /games/game-memoria/assets/imagens/tamb-p.webp","service":"portal-jogos-service","timestamp":"2026-01-12 00:33:46"}
{"level":"info","message":"GET /api/user-status","service":"portal-jogos-service","timestamp":"2026-01-12 00:37:02"}
{"level":"info","message":"GET /games.json","service":"portal-jogos-service","timestamp":"2026-01-12 00:37:02"}
{"level":"info","message":"GET /games/tabela-periodica-bingo/imagens/tamb.webp","service":"portal-jogos-service","timestamp":"2026-01-12 00:37:02"}
{"level":"info","message":"GET /games/roda-a-roda/assets/images/tamb.webp","service":"portal-jogos-service","timestamp":"2026-01-12 00:37:02"}
{"level":"info","message":"GET /games/desafio-exploradores/assets/imagens/tamb.webp","service":"portal-jogos-service","timestamp":"2026-01-12 00:37:02"}
{"level":"info","message":"GET /games/detector-fatos/assets/imagens/tamb.webp","service":"portal-jogos-service","timestamp":"2026-01-12 00:37:02"}
{"level":"info","message":"GET /games/game-memoria/assets/imagens/tamb-m.webp","service":"portal-jogos-service","timestamp":"2026-01-12 00:37:02"}
{"level":"info","message":"GET /games/game-memoria/assets/imagens/tamb-p.webp","service":"portal-jogos-service","timestamp":"2026-01-12 00:37:02"}
{"level":"info","message":"GET /api/user-status","service":"portal-jogos-service","timestamp":"2026-01-12 00:38:44"}
{"level":"info","message":"GET /api/user-status","service":"portal-jogos-service","timestamp":"2026-01-12 00:39:01"}
{"level":"info","message":"GET /api/auth/google","service":"portal-jogos-service","timestamp":"2026-01-12 00:39:08"}
{"level":"info","message":"GET /api/user-status","service":"portal-jogos-service","timestamp":"2026-01-12 00:39:16"}
{"level":"info","message":"GET /api/user-status","service":"portal-jogos-service","timestamp":"2026-01-12 00:39:21"}
{"level":"info","message":"POST /api/register","service":"portal-jogos-service","timestamp":"2026-01-12 00:39:42"}
{"level":"info","message":"SERVER.JS FILE IS EXECUTING","service":"portal-jogos-service","timestamp":"2026-01-12 00:41:58"}
{"level":"info","message":"Attempting to set up email service...","service":"portal-jogos-service","timestamp":"2026-01-12 00:41:58"}
{"level":"info","message":"Usando Postgres Session Store.","service":"portal-jogos-service","timestamp":"2026-01-12 00:42:00"}
{"level":"info","message":"Servidor rodando em http://localhost:3001","service":"portal-jogos-service","timestamp":"2026-01-12 00:42:00"}
{"level":"info","message":"Conectado ao banco de dados (production).","service":"portal-jogos-service","timestamp":"2026-01-12 00:42:01"}
{"level":"info","message":"GET /api/user-status","service":"portal-jogos-service","timestamp":"2026-01-12 00:42:25"}
{"level":"info","message":"POST /api/register","service":"portal-jogos-service","timestamp":"2026-01-12 00:42:42"}
{"level":"info","message":"GET /api/user-status","service":"portal-jogos-service","timestamp":"2026-01-12 00:42:48"}
{"level":"info","message":"POST /api/login","service":"portal-jogos-service","timestamp":"2026-01-12 00:42:58"}
{"level":"info","message":"POST /api/login","service":"portal-jogos-service","timestamp":"2026-01-12 00:43:54"}
{"level":"info","message":"GET /api/user-status","service":"portal-jogos-service","timestamp":"2026-01-12 00:43:55"}
{"level":"info","message":"GET /games.json","service":"portal-jogos-service","timestamp":"2026-01-12 00:43:56"}
{"level":"info","message":"GET /games.json","service":"portal-jogos-service","timestamp":"2026-01-12 00:43:56"}
{"level":"info","message":"GET /games/tabela-periodica-bingo/imagens/tamb.webp","service":"portal-jogos-service","timestamp":"2026-01-12 00:43:56"}
{"level":"info","message":"GET /games/roda-a-roda/assets/images/tamb.webp","service":"portal-jogos-service","timestamp":"2026-01-12 00:43:56"}
{"level":"info","message":"GET /games/desafio-exploradores/assets/imagens/tamb.webp","service":"portal-jogos-service","timestamp":"2026-01-12 00:43:56"}
{"level":"info","message":"GET /games/detector-fatos/assets/imagens/tamb.webp","service":"portal-jogos-service","timestamp":"2026-01-12 00:43:56"}
{"level":"info","message":"GET /games/game-memoria/assets/imagens/tamb-m.webp","service":"portal-jogos-service","timestamp":"2026-01-12 00:43:56"}
{"level":"info","message":"GET /games/game-memoria/assets/imagens/tamb-p.webp","service":"portal-jogos-service","timestamp":"2026-01-12 00:43:56"}
{"level":"info","message":"GET /api/user-status","service":"portal-jogos-service","timestamp":"2026-01-12 00:44:04"}
{"level":"info","message":"GET /games.json","service":"portal-jogos-service","timestamp":"2026-01-12 00:44:04"}
{"level":"info","message":"GET /games.json","service":"portal-jogos-service","timestamp":"2026-01-12 00:44:04"}
{"level":"info","message":"GET /games/tabela-periodica-bingo/index.html","service":"portal-jogos-service","timestamp":"2026-01-12 00:44:04"}
{"level":"info","message":"GET /games/tabela-periodica-bingo/imagens/H.webp","service":"portal-jogos-service","timestamp":"2026-01-12 00:44:05"}
{"level":"info","message":"GET /games/tabela-periodica-bingo/imagens/He.webp","service":"portal-jogos-service","timestamp":"2026-01-12 00:44:05"}
{"level":"info","message":"GET /games/tabela-periodica-bingo/imagens/Li.webp","service":"portal-jogos-service","timestamp":"2026-01-12 00:44:05"}
{"level":"info","message":"GET /games/tabela-periodica-bingo/imagens/Be.webp","service":"portal-jogos-service","timestamp":"2026-01-12 00:44:05"}
{"level":"info","message":"GET /games/tabela-periodica-bingo/imagens/B.webp","service":"portal-jogos-service","timestamp":"2026-01-12 00:44:05"}
{"level":"info","message":"GET /games/tabela-periodica-bingo/imagens/C.webp","service":"portal-jogos-service","timestamp":"2026-01-12 00:44:05"}
{"level":"info","message":"GET /games/tabela-periodica-bingo/imagens/Pd.webp","service":"portal-jogos-service","timestamp":"2026-01-12 00:44:06"}
{"level":"info","message":"GET /games/tabela-periodica-bingo/imagens/Os.webp","service":"portal-jogos-service","timestamp":"2026-01-12 00:44:06"}
{"level":"info","message":"GET /games/tabela-periodica-bingo/imagens/Pu.webp","service":"portal-jogos-service","timestamp":"2026-01-12 00:44:06"}
{"level":"info","message":"GET /games/tabela-periodica-bingo/imagens/Fe.webp","service":"portal-jogos-service","timestamp":"2026-01-12 00:44:06"}
{"level":"info","message":"GET /games/tabela-periodica-bingo/imagens/Cs.webp","service":"portal-jogos-service","timestamp":"2026-01-12 00:44:06"}
{"level":"info","message":"GET /games/tabela-periodica-bingo/imagens/Mn.webp","service":"portal-jogos-service","timestamp":"2026-01-12 00:44:06"}
{"level":"info","message":"GET /games/tabela-periodica-bingo/imagens/Pm.webp","service":"portal-jogos-service","timestamp":"2026-01-12 00:44:06"}
{"level":"info","message":"GET /games/tabela-periodica-bingo/imagens/Pr.webp","service":"portal-jogos-service","timestamp":"2026-01-12 00:44:06"}
{"level":"info","message":"GET /games/tabela-periodica-bingo/imagens/Pa.webp","service":"portal-jogos-service","timestamp":"2026-01-12 00:44:06"}
{"level":"info","message":"GET /games/tabela-periodica-bingo/imagens/Th.webp","service":"portal-jogos-service","timestamp":"2026-01-12 00:44:06"}
{"level":"info","message":"GET /games/tabela-periodica-bingo/imagens/Zr.webp","service":"portal-jogos-service","timestamp":"2026-01-12 00:44:06"}
{"level":"info","message":"GET /games/tabela-periodica-bingo/imagens/Mo.webp","service":"portal-jogos-service","timestamp":"2026-01-12 00:44:06"}
{"level":"info","message":"GET /games/tabela-periodica-bingo/imagens/Sr.webp","service":"portal-jogos-service","timestamp":"2026-01-12 00:44:06"}
{"level":"info","message":"GET /games/tabela-periodica-bingo/imagens/La.webp","service":"portal-jogos-service","timestamp":"2026-01-12 00:44:06"}
{"level":"info","message":"GET /games/tabela-periodica-bingo/imagens/Hs.webp","service":"portal-jogos-service","timestamp":"2026-01-12 00:44:06"}
{"level":"info","message":"GET /games/tabela-periodica-bingo/imagens/Mt.webp","service":"portal-jogos-service","timestamp":"2026-01-12 00:44:06"}
{"level":"info","message":"GET /games/tabela-periodica-bingo/imagens/Pt.webp","service":"portal-jogos-service","timestamp":"2026-01-12 00:44:06"}
{"level":"info","message":"GET /games/tabela-periodica-bingo/imagens/Ra.webp","service":"portal-jogos-service","timestamp":"2026-01-12 00:44:06"}
{"level":"info","message":"GET /games/tabela-periodica-bingo/imagens/Ba.webp","service":"portal-jogos-service","timestamp":"2026-01-12 00:44:06"}
{"level":"info","message":"GET /games/tabela-periodica-bingo/imagens/Na.webp","service":"portal-jogos-service","timestamp":"2026-01-12 00:44:06"}
{"level":"info","message":"GET /games/tabela-periodica-bingo/imagens/Ru.webp","service":"portal-jogos-service","timestamp":"2026-01-12 00:44:06"}
{"level":"info","message":"GET /games/tabela-periodica-bingo/imagens/Cr.webp","service":"portal-jogos-service","timestamp":"2026-01-12 00:44:06"}
{"level":"info","message":"GET /games/tabela-periodica-bingo/imagens/Hf.webp","service":"portal-jogos-service","timestamp":"2026-01-12 00:44:06"}
{"level":"info","message":"GET /games/tabela-periodica-bingo/imagens/Eu.webp","service":"portal-jogos-service","timestamp":"2026-01-12 00:44:06"}
{"level":"info","message":"GET /games/tabela-periodica-bingo/imagens/U.webp","service":"portal-jogos-service","timestamp":"2026-01-12 00:44:06"}
{"level":"info","message":"GET /games/tabela-periodica-bingo/imagens/Np.webp","service":"portal-jogos-service","timestamp":"2026-01-12 00:44:06"}
{"level":"info","message":"GET /games/tabela-periodica-bingo/imagens/Ac.webp","service":"portal-jogos-service","timestamp":"2026-01-12 00:44:06"}
{"level":"info","message":"GET /games/tabela-periodica-bingo/imagens/Am.webp","service":"portal-jogos-service","timestamp":"2026-01-12 00:44:07"}
{"level":"info","message":"GET /games/tabela-periodica-bingo/imagens/Ir.webp","service":"portal-jogos-service","timestamp":"2026-01-12 00:44:07"}
{"level":"info","message":"GET /games/tabela-periodica-bingo/imagens/Ta.webp","service":"portal-jogos-service","timestamp":"2026-01-12 00:44:07"}
{"level":"info","message":"GET /games/tabela-periodica-bingo/imagens/Fr.webp","service":"portal-jogos-service","timestamp":"2026-01-12 00:44:07"}
{"level":"info","message":"GET /games/tabela-periodica-bingo/imagens/Sc.webp","service":"portal-jogos-service","timestamp":"2026-01-12 00:44:07"}
{"level":"info","message":"GET /games/tabela-periodica-bingo/imagens/Rh.webp","service":"portal-jogos-service","timestamp":"2026-01-12 00:44:07"}
{"level":"info","message":"GET /games/tabela-periodica-bingo/imagens/V.webp","service":"portal-jogos-service","timestamp":"2026-01-12 00:44:07"}
{"level":"info","message":"GET /games/tabela-periodica-bingo/imagens/Ca.webp","service":"portal-jogos-service","timestamp":"2026-01-12 00:44:07"}
{"level":"info","message":"GET /games/tabela-periodica-bingo/imagens/Tc.webp","service":"portal-jogos-service","timestamp":"2026-01-12 00:44:07"}
{"level":"info","message":"GET /games/tabela-periodica-bingo/imagens/Rb.webp","service":"portal-jogos-service","timestamp":"2026-01-12 00:44:07"}
{"level":"info","message":"GET /games/tabela-periodica-bingo/imagens/Nd.webp","service":"portal-jogos-service","timestamp":"2026-01-12 00:44:07"}
{"level":"info","message":"GET /games/tabela-periodica-bingo/imagens/Ce.webp","service":"portal-jogos-service","timestamp":"2026-01-12 00:44:07"}
{"level":"info","message":"GET /games/tabela-periodica-bingo/imagens/Sg.webp","service":"portal-jogos-service","timestamp":"2026-01-12 00:44:07"}
{"level":"info","message":"GET /games/tabela-periodica-bingo/imagens/Db.webp","service":"portal-jogos-service","timestamp":"2026-01-12 00:44:07"}
{"level":"info","message":"GET /games/tabela-periodica-bingo/imagens/Co.webp","service":"portal-jogos-service","timestamp":"2026-01-12 00:44:07"}
{"level":"info","message":"GET /games/tabela-periodica-bingo/imagens/Nb.webp","service":"portal-jogos-service","timestamp":"2026-01-12 00:44:07"}
{"level":"info","message":"GET /games/tabela-periodica-bingo/imagens/Rf.webp","service":"portal-jogos-service","timestamp":"2026-01-12 00:44:07"}
{"level":"info","message":"GET /games/tabela-periodica-bingo/imagens/Sm.webp","service":"portal-jogos-service","timestamp":"2026-01-12 00:44:07"}
{"level":"info","message":"GET /games/tabela-periodica-bingo/imagens/Ni.webp","service":"portal-jogos-service","timestamp":"2026-01-12 00:44:07"}
{"level":"info","message":"GET /games/tabela-periodica-bingo/imagens/Ds.webp","service":"portal-jogos-service","timestamp":"2026-01-12 00:44:07"}
{"level":"info","message":"GET /games/tabela-periodica-bingo/imagens/Ti.webp","service":"portal-jogos-service","timestamp":"2026-01-12 00:44:07"}
{"level":"info","message":"GET /games/tabela-periodica-bingo/imagens/W.webp","service":"portal-jogos-service","timestamp":"2026-01-12 00:44:07"}
{"level":"info","message":"GET /games/tabela-periodica-bingo/imagens/Y.webp","service":"portal-jogos-service","timestamp":"2026-01-12 00:44:07"}
{"level":"info","message":"GET /games/tabela-periodica-bingo/imagens/Bh.webp","service":"portal-jogos-service","timestamp":"2026-01-12 00:44:07"}
{"level":"info","message":"GET /games/tabela-periodica-bingo/imagens/Mg.webp","service":"portal-jogos-service","timestamp":"2026-01-12 00:44:07"}
{"level":"info","message":"GET /games/tabela-periodica-bingo/imagens/K.webp","service":"portal-jogos-service","timestamp":"2026-01-12 00:44:07"}
{"level":"info","message":"GET /games/tabela-periodica-bingo/imagens/Re.webp","service":"portal-jogos-service","timestamp":"2026-01-12 00:44:07"}
{"level":"info","message":"GET /games/tabela-periodica-bingo/imagens/N.webp","service":"portal-jogos-service","timestamp":"2026-01-12 00:44:08"}
{"level":"info","message":"GET /games/tabela-periodica-bingo/imagens/O.webp","service":"portal-jogos-service","timestamp":"2026-01-12 00:44:08"}
{"level":"info","message":"GET /games/tabela-periodica-bingo/imagens/F.webp","service":"portal-jogos-service","timestamp":"2026-01-12 00:44:08"}
{"level":"info","message":"GET /games/tabela-periodica-bingo/imagens/Ne.webp","service":"portal-jogos-service","timestamp":"2026-01-12 00:44:08"}
{"level":"info","message":"GET /games/tabela-periodica-bingo/imagens/Al.webp","service":"portal-jogos-service","timestamp":"2026-01-12 00:44:08"}
{"level":"info","message":"GET /games/tabela-periodica-bingo/imagens/Si.webp","service":"portal-jogos-service","timestamp":"2026-01-12 00:44:08"}
{"level":"info","message":"GET /games/tabela-periodica-bingo/imagens/P.webp","service":"portal-jogos-service","timestamp":"2026-01-12 00:44:08"}
{"level":"info","message":"GET /games/tabela-periodica-bingo/imagens/S.webp","service":"portal-jogos-service","timestamp":"2026-01-12 00:44:08"}
{"level":"info","message":"GET /games/tabela-periodica-bingo/imagens/Cl.webp","service":"portal-jogos-service","timestamp":"2026-01-12 00:44:08"}
{"level":"info","message":"GET /games/tabela-periodica-bingo/imagens/Ar.webp","service":"portal-jogos-service","timestamp":"2026-01-12 00:44:08"}
{"level":"info","message":"GET /games/tabela-periodica-bingo/imagens/Cu.webp","service":"portal-jogos-service","timestamp":"2026-01-12 00:44:08"}
{"level":"info","message":"GET /games/tabela-periodica-bingo/imagens/Zn.webp","service":"portal-jogos-service","timestamp":"2026-01-12 00:44:08"}
{"level":"info","message":"GET /games/tabela-periodica-bingo/imagens/Ga.webp","service":"portal-jogos-service","timestamp":"2026-01-12 00:44:08"}
{"level":"info","message":"GET /games/tabela-periodica-bingo/imagens/Ge.webp","service":"portal-jogos-service","timestamp":"2026-01-12 00:44:08"}
{"level":"info","message":"GET /games/tabela-periodica-bingo/imagens/As.webp","service":"portal-jogos-service","timestamp":"2026-01-12 00:44:08"}
{"level":"info","message":"GET /games/tabela-periodica-bingo/imagens/Se.webp","service":"portal-jogos-service","timestamp":"2026-01-12 00:44:08"}
{"level":"info","message":"GET /games/tabela-periodica-bingo/imagens/Br.webp","service":"portal-jogos-service","timestamp":"2026-01-12 00:44:08"}
{"level":"info","message":"GET /games/tabela-periodica-bingo/imagens/Kr.webp","service":"portal-jogos-service","timestamp":"2026-01-12 00:44:08"}
{"level":"info","message":"GET /games/tabela-periodica-bingo/imagens/Ag.webp","service":"portal-jogos-service","timestamp":"2026-01-12 00:44:08"}
{"level":"info","message":"GET /games/tabela-periodica-bingo/imagens/Cd.webp","service":"portal-jogos-service","timestamp":"2026-01-12 00:44:08"}
{"level":"info","message":"GET /games/tabela-periodica-bingo/imagens/In.webp","service":"portal-jogos-service","timestamp":"2026-01-12 00:44:08"}
{"level":"info","message":"GET /games/tabela-periodica-bingo/imagens/Sn.webp","service":"portal-jogos-service","timestamp":"2026-01-12 00:44:08"}
{"level":"info","message":"GET /games/tabela-periodica-bingo/imagens/Sb.webp","service":"portal-jogos-service","timestamp":"2026-01-12 00:44:08"}
{"level":"info","message":"GET /games/tabela-periodica-bingo/imagens/Te.webp","service":"portal-jogos-service","timestamp":"2026-01-12 00:44:08"}
{"level":"info","message":"GET /games/tabela-periodica-bingo/imagens/I.webp","service":"portal-jogos-service","timestamp":"2026-01-12 00:44:08"}
{"level":"info","message":"GET /games/tabela-periodica-bingo/imagens/Xe.webp","service":"portal-jogos-service","timestamp":"2026-01-12 00:44:08"}
{"level":"info","message":"GET /games/tabela-periodica-bingo/imagens/Au.webp","service":"portal-jogos-service","timestamp":"2026-01-12 00:44:08"}
{"level":"info","message":"GET /games/tabela-periodica-bingo/imagens/Hg.webp","service":"portal-jogos-service","timestamp":"2026-01-12 00:44:09"}
{"level":"info","message":"GET /games/tabela-periodica-bingo/imagens/Tl.webp","service":"portal-jogos-service","timestamp":"2026-01-12 00:44:09"}
{"level":"info","message":"GET /games/tabela-periodica-bingo/imagens/Pb.webp","service":"portal-jogos-service","timestamp":"2026-01-12 00:44:09"}
{"level":"info","message":"GET /games/tabela-periodica-bingo/imagens/Bi.webp","service":"portal-jogos-service","timestamp":"2026-01-12 00:44:09"}
{"level":"info","message":"GET /games/tabela-periodica-bingo/imagens/Po.webp","service":"portal-jogos-service","timestamp":"2026-01-12 00:44:09"}
{"level":"info","message":"GET /games/tabela-periodica-bingo/imagens/At.webp","service":"portal-jogos-service","timestamp":"2026-01-12 00:44:09"}
{"level":"info","message":"GET /games/tabela-periodica-bingo/imagens/Rn.webp","service":"portal-jogos-service","timestamp":"2026-01-12 00:44:09"}
{"level":"info","message":"GET /games/tabela-periodica-bingo/imagens/Rg.webp","service":"portal-jogos-service","timestamp":"2026-01-12 00:44:09"}
{"level":"info","message":"GET /games/tabela-periodica-bingo/imagens/Cn.webp","service":"portal-jogos-service","timestamp":"2026-01-12 00:44:09"}
{"level":"info","message":"GET /games/tabela-periodica-bingo/imagens/Nh.webp","service":"portal-jogos-service","timestamp":"2026-01-12 00:44:09"}
{"level":"info","message":"GET /games/tabela-periodica-bingo/imagens/Fl.webp","service":"portal-jogos-service","timestamp":"2026-01-12 00:44:09"}
{"level":"info","message":"GET /games/tabela-periodica-bingo/imagens/Mc.webp","service":"portal-jogos-service","timestamp":"2026-01-12 00:44:09"}
{"level":"info","message":"GET /games/tabela-periodica-bingo/imagens/Lv.webp","service":"portal-jogos-service","timestamp":"2026-01-12 00:44:09"}
{"level":"info","message":"GET /games/tabela-periodica-bingo/imagens/Ts.webp","service":"portal-jogos-service","timestamp":"2026-01-12 00:44:09"}
{"level":"info","message":"GET /games/tabela-periodica-bingo/imagens/Og.webp","service":"portal-jogos-service","timestamp":"2026-01-12 00:44:09"}
{"level":"info","message":"GET /games/tabela-periodica-bingo/imagens/Gd.webp","service":"portal-jogos-service","timestamp":"2026-01-12 00:44:09"}
{"level":"info","message":"GET /games/tabela-periodica-bingo/imagens/Tb.webp","service":"portal-jogos-service","timestamp":"2026-01-12 00:44:09"}
{"level":"info","message":"GET /games/tabela-periodica-bingo/imagens/Dy.webp","service":"portal-jogos-service","timestamp":"2026-01-12 00:44:09"}
{"level":"info","message":"GET /games/tabela-periodica-bingo/imagens/Ho.webp","service":"portal-jogos-service","timestamp":"2026-01-12 00:44:09"}
{"level":"info","message":"GET /games/tabela-periodica-bingo/imagens/Er.webp","service":"portal-jogos-service","timestamp":"2026-01-12 00:44:09"}
{"level":"info","message":"GET /games/tabela-periodica-bingo/imagens/Tm.webp","service":"portal-jogos-service","timestamp":"2026-01-12 00:44:09"}
{"level":"info","message":"GET /games/tabela-periodica-bingo/imagens/Yb.webp","service":"portal-jogos-service","timestamp":"2026-01-12 00:44:09"}
{"level":"info","message":"GET /games/tabela-periodica-bingo/imagens/Lu.webp","service":"portal-jogos-service","timestamp":"2026-01-12 00:44:09"}
{"level":"info","message":"GET /games/tabela-periodica-bingo/imagens/Cm.webp","service":"portal-jogos-service","timestamp":"2026-01-12 00:44:09"}
{"level":"info","message":"GET /games/tabela-periodica-bingo/imagens/Bk.webp","service":"portal-jogos-service","timestamp":"2026-01-12 00:44:09"}
{"level":"info","message":"GET /games/tabela-periodica-bingo/imagens/Cf.webp","service":"portal-jogos-service","timestamp":"2026-01-12 00:44:09"}
{"level":"info","message":"GET /games/tabela-periodica-bingo/imagens/Es.webp","service":"portal-jogos-service","timestamp":"2026-01-12 00:44:09"}
{"level":"info","message":"GET /games/tabela-periodica-bingo/imagens/Fm.webp","service":"portal-jogos-service","timestamp":"2026-01-12 00:44:09"}
{"level":"info","message":"GET /games/tabela-periodica-bingo/imagens/Md.webp","service":"portal-jogos-service","timestamp":"2026-01-12 00:44:09"}
{"level":"info","message":"GET /games/tabela-periodica-bingo/imagens/No.webp","service":"portal-jogos-service","timestamp":"2026-01-12 00:44:09"}
{"level":"info","message":"GET /games/tabela-periodica-bingo/imagens/Lr.webp","service":"portal-jogos-service","timestamp":"2026-01-12 00:44:10"}
{"level":"info","message":"GET /games/tabela-periodica-bingo/sons/sorteando.mp3","service":"portal-jogos-service","timestamp":"2026-01-12 00:44:10"}
{"level":"info","message":"GET /games/tabela-periodica-bingo/sons/final.mp3","service":"portal-jogos-service","timestamp":"2026-01-12 00:44:10"}
{"level":"info","message":"GET /games/tabela-periodica-bingo/logo-educatech.webp","service":"portal-jogos-service","timestamp":"2026-01-12 00:44:10"}
{"level":"info","message":"POST /api/logout","service":"portal-jogos-service","timestamp":"2026-01-12 00:44:18"}
{"level":"info","message":"GET /api/user-status","service":"portal-jogos-service","timestamp":"2026-01-12 00:44:22"}
{"level":"info","message":"GET /games.json","service":"portal-jogos-service","timestamp":"2026-01-12 00:44:22"}
{"level":"info","message":"GET /games/tabela-periodica-bingo/imagens/tamb.webp","service":"portal-jogos-service","timestamp":"2026-01-12 00:44:22"}
{"level":"info","message":"GET /games/roda-a-roda/assets/images/tamb.webp","service":"portal-jogos-service","timestamp":"2026-01-12 00:44:22"}
{"level":"info","message":"GET /games/desafio-exploradores/assets/imagens/tamb.webp","service":"portal-jogos-service","timestamp":"2026-01-12 00:44:22"}
{"level":"info","message":"GET /games/detector-fatos/assets/imagens/tamb.webp","service":"portal-jogos-service","timestamp":"2026-01-12 00:44:22"}
{"level":"info","message":"GET /games/game-memoria/assets/imagens/tamb-m.webp","service":"portal-jogos-service","timestamp":"2026-01-12 00:44:22"}
{"level":"info","message":"GET /games/game-memoria/assets/imagens/tamb-p.webp","service":"portal-jogos-service","timestamp":"2026-01-12 00:44:22"}
{"level":"info","message":"GET /api/user-status","service":"portal-jogos-service","timestamp":"2026-01-12 00:44:30"}
{"level":"info","message":"POST /api/register","service":"portal-jogos-service","timestamp":"2026-01-12 00:44:53"}
{"level":"info","message":"GET /api/user-status","service":"portal-jogos-service","timestamp":"2026-01-12 00:44:58"}
{"level":"info","message":"GET /api/user-status","service":"portal-jogos-service","timestamp":"2026-01-12 00:53:26"}
{"level":"info","message":"POST /api/login","service":"portal-jogos-service","timestamp":"2026-01-12 00:54:49"}
{"level":"info","message":"GET /api/user-status","service":"portal-jogos-service","timestamp":"2026-01-12 00:54:51"}
{"level":"info","message":"GET /games.json","service":"portal-jogos-service","timestamp":"2026-01-12 00:54:51"}
{"level":"info","message":"GET /games.json","service":"portal-jogos-service","timestamp":"2026-01-12 00:54:51"}
{"level":"info","message":"GET /games/tabela-periodica-bingo/imagens/tamb.webp","service":"portal-jogos-service","timestamp":"2026-01-12 00:54:52"}
{"level":"info","message":"GET /games/roda-a-roda/assets/images/tamb.webp","service":"portal-jogos-service","timestamp":"2026-01-12 00:54:52"}
{"level":"info","message":"GET /games/desafio-exploradores/assets/imagens/tamb.webp","service":"portal-jogos-service","timestamp":"2026-01-12 00:54:52"}
{"level":"info","message":"GET /games/detector-fatos/assets/imagens/tamb.webp","service":"portal-jogos-service","timestamp":"2026-01-12 00:54:52"}
{"level":"info","message":"GET /games/game-memoria/assets/imagens/tamb-m.webp","service":"portal-jogos-service","timestamp":"2026-01-12 00:54:52"}
{"level":"info","message":"GET /games/game-memoria/assets/imagens/tamb-p.webp","service":"portal-jogos-service","timestamp":"2026-01-12 00:54:52"}
{"level":"info","message":"GET /api/user-status","service":"portal-jogos-service","timestamp":"2026-01-12 00:55:12"}
{"level":"info","message":"GET /games.json","service":"portal-jogos-service","timestamp":"2026-01-12 00:55:12"}
{"level":"info","message":"GET /games.json","service":"portal-jogos-service","timestamp":"2026-01-12 00:55:12"}
{"level":"info","message":"GET /games/roda-a-roda/index.html","service":"portal-jogos-service","timestamp":"2026-01-12 00:55:12"}
{"level":"info","message":"GET /games/roda-a-roda/styles.css","service":"portal-jogos-service","timestamp":"2026-01-12 00:55:12"}
{"level":"info","message":"GET /games/roda-a-roda/assets/images/roleta.webp","service":"portal-jogos-service","timestamp":"2026-01-12 00:55:12"}
{"level":"info","message":"GET /games/roda-a-roda/script.js","service":"portal-jogos-service","timestamp":"2026-01-12 00:55:12"}
{"level":"info","message":"GET /games/roda-a-roda/assets/images/background.webp","service":"portal-jogos-service","timestamp":"2026-01-12 00:55:13"}
{"level":"info","message":"GET /games/roda-a-roda/assets/audio/roleta.mp3","service":"portal-jogos-service","timestamp":"2026-01-12 00:55:13"}
{"level":"info","message":"GET /games/roda-a-roda/assets/audio/resposta-certa-roda-a-roda.mp3","service":"portal-jogos-service","timestamp":"2026-01-12 00:55:13"}
{"level":"info","message":"GET /games/roda-a-roda/assets/audio/letraerrada.wav","service":"portal-jogos-service","timestamp":"2026-01-12 00:55:13"}
{"level":"info","message":"GET /games/roda-a-roda/assets/audio/letrarodaaroda.mp3","service":"portal-jogos-service","timestamp":"2026-01-12 00:55:13"}
{"level":"info","message":"GET /games/roda-a-roda/assets/audio/resposta-certa-roda-a-roda.mp3","service":"portal-jogos-service","timestamp":"2026-01-12 00:55:13"}
{"level":"info","message":"GET /games/roda-a-roda/assets/audio/letraerrada.wav","service":"portal-jogos-service","timestamp":"2026-01-12 00:55:13"}
{"level":"info","message":"GET /games/roda-a-roda/assets/audio/perdeutudo.mp3","service":"portal-jogos-service","timestamp":"2026-01-12 00:55:13"}
{"level":"info","message":"GET /games/roda-a-roda/assets/audio/passouavez.mp3","service":"portal-jogos-service","timestamp":"2026-01-12 00:55:13"}
{"level":"info","message":"GET /games/roda-a-roda/assets/audio/resposta-certa-roda-a-roda.mp3","service":"portal-jogos-service","timestamp":"2026-01-12 00:55:13"}
{"level":"info","message":"GET /games/roda-a-roda/assets/audio/timer.mp3","service":"portal-jogos-service","timestamp":"2026-01-12 00:55:13"}
{"level":"info","message":"GET /games/roda-a-roda/assets/audio/resposta-certa-roda-a-roda.mp3","service":"portal-jogos-service","timestamp":"2026-01-12 00:55:13"}
{"level":"info","message":"GET /api/user-status","service":"portal-jogos-service","timestamp":"2026-01-12 00:55:19"}
{"level":"info","message":"GET /games.json","service":"portal-jogos-service","timestamp":"2026-01-12 00:55:19"}
{"level":"info","message":"GET /games.json","service":"portal-jogos-service","timestamp":"2026-01-12 00:55:19"}
{"level":"info","message":"GET /api/user-status","service":"portal-jogos-service","timestamp":"2026-01-12 00:55:22"}
{"level":"info","message":"GET /games.json","service":"portal-jogos-service","timestamp":"2026-01-12 00:55:22"}
{"level":"info","message":"GET /games.json","service":"portal-jogos-service","timestamp":"2026-01-12 00:55:22"}
{"level":"info","message":"GET /games/roda-a-roda/index.html","service":"portal-jogos-service","timestamp":"2026-01-12 00:55:22"}
{"level":"info","message":"GET /games/roda-a-roda/styles.css","service":"portal-jogos-service","timestamp":"2026-01-12 00:55:22"}
{"level":"info","message":"GET /games/roda-a-roda/assets/images/roleta.webp","service":"portal-jogos-service","timestamp":"2026-01-12 00:55:22"}
{"level":"info","message":"GET /games/roda-a-roda/script.js","service":"portal-jogos-service","timestamp":"2026-01-12 00:55:23"}
{"level":"info","message":"GET /games/roda-a-roda/assets/images/background.webp","service":"portal-jogos-service","timestamp":"2026-01-12 00:55:23"}
{"level":"info","message":"GET /games/roda-a-roda/assets/audio/roleta.mp3","service":"portal-jogos-service","timestamp":"2026-01-12 00:55:23"}
{"level":"info","message":"GET /games/roda-a-roda/assets/audio/resposta-certa-roda-a-roda.mp3","service":"portal-jogos-service","timestamp":"2026-01-12 00:55:23"}
{"level":"info","message":"GET /games/roda-a-roda/assets/audio/letraerrada.wav","service":"portal-jogos-service","timestamp":"2026-01-12 00:55:23"}
{"level":"info","message":"GET /games/roda-a-roda/assets/audio/letrarodaaroda.mp3","service":"portal-jogos-service","timestamp":"2026-01-12 00:55:23"}
{"level":"info","message":"GET /games/roda-a-roda/assets/audio/resposta-certa-roda-a-roda.mp3","service":"portal-jogos-service","timestamp":"2026-01-12 00:55:23"}
{"level":"info","message":"GET /games/roda-a-roda/assets/audio/letraerrada.wav","service":"portal-jogos-service","timestamp":"2026-01-12 00:55:23"}
{"level":"info","message":"GET /games/roda-a-roda/assets/audio/perdeutudo.mp3","service":"portal-jogos-service","timestamp":"2026-01-12 00:55:23"}
{"level":"info","message":"GET /games/roda-a-roda/assets/audio/passouavez.mp3","service":"portal-jogos-service","timestamp":"2026-01-12 00:55:23"}
{"level":"info","message":"GET /games/roda-a-roda/assets/audio/timer.mp3","service":"portal-jogos-service","timestamp":"2026-01-12 00:55:23"}
{"level":"info","message":"GET /games/roda-a-roda/assets/audio/resposta-certa-roda-a-roda.mp3","service":"portal-jogos-service","timestamp":"2026-01-12 00:55:23"}
{"level":"info","message":"GET /games/roda-a-roda/assets/audio/resposta-certa-roda-a-roda.mp3","service":"portal-jogos-service","timestamp":"2026-01-12 00:55:23"}
{"level":"info","message":"GET /api/user-status","service":"portal-jogos-service","timestamp":"2026-01-12 00:55:26"}
{"level":"info","message":"GET /games.json","service":"portal-jogos-service","timestamp":"2026-01-12 00:55:26"}
{"level":"info","message":"GET /games.json","service":"portal-jogos-service","timestamp":"2026-01-12 00:55:26"}
{"level":"info","message":"GET /api/user-status","service":"portal-jogos-service","timestamp":"2026-01-12 00:55:44"}
{"level":"info","message":"GET /games.json","service":"portal-jogos-service","timestamp":"2026-01-12 00:55:44"}
{"level":"info","message":"GET /games.json","service":"portal-jogos-service","timestamp":"2026-01-12 00:55:44"}
{"level":"info","message":"GET /games/roda-a-roda/index.html","service":"portal-jogos-service","timestamp":"2026-01-12 00:55:44"}
{"level":"info","message":"GET /games/roda-a-roda/styles.css","service":"portal-jogos-service","timestamp":"2026-01-12 00:55:44"}
{"level":"info","message":"GET /games/roda-a-roda/assets/images/roleta.webp","service":"portal-jogos-service","timestamp":"2026-01-12 00:55:44"}
{"level":"info","message":"GET /games/roda-a-roda/script.js","service":"portal-jogos-service","timestamp":"2026-01-12 00:55:44"}
{"level":"info","message":"GET /games/roda-a-roda/assets/images/background.webp","service":"portal-jogos-service","timestamp":"2026-01-12 00:55:45"}
{"level":"info","message":"GET /games/roda-a-roda/assets/audio/roleta.mp3","service":"portal-jogos-service","timestamp":"2026-01-12 00:55:45"}
{"level":"info","message":"GET /games/roda-a-roda/assets/audio/resposta-certa-roda-a-roda.mp3","service":"portal-jogos-service","timestamp":"2026-01-12 00:55:45"}
{"level":"info","message":"GET /games/roda-a-roda/assets/audio/letraerrada.wav","service":"portal-jogos-service","timestamp":"2026-01-12 00:55:45"}
{"level":"info","message":"GET /games/roda-a-roda/assets/audio/letrarodaaroda.mp3","service":"portal-jogos-service","timestamp":"2026-01-12 00:55:45"}
{"level":"info","message":"GET /games/roda-a-roda/assets/audio/resposta-certa-roda-a-roda.mp3","service":"portal-jogos-service","timestamp":"2026-01-12 00:55:45"}
{"level":"info","message":"GET /games/roda-a-roda/assets/audio/resposta-certa-roda-a-roda.mp3","service":"portal-jogos-service","timestamp":"2026-01-12 00:55:45"}
{"level":"info","message":"GET /games/roda-a-roda/assets/audio/perdeutudo.mp3","service":"portal-jogos-service","timestamp":"2026-01-12 00:55:45"}
{"level":"info","message":"GET /games/roda-a-roda/assets/audio/passouavez.mp3","service":"portal-jogos-service","timestamp":"2026-01-12 00:55:45"}
{"level":"info","message":"GET /games/roda-a-roda/assets/audio/letraerrada.wav","service":"portal-jogos-service","timestamp":"2026-01-12 00:55:45"}
{"level":"info","message":"GET /games/roda-a-roda/assets/audio/timer.mp3","service":"portal-jogos-service","timestamp":"2026-01-12 00:55:45"}
{"level":"info","message":"GET /games/roda-a-roda/assets/audio/resposta-certa-roda-a-roda.mp3","service":"portal-jogos-service","timestamp":"2026-01-12 00:55:45"}
{"level":"info","message":"GET /api/user-status","service":"portal-jogos-service","timestamp":"2026-01-12 00:57:56"}
{"level":"info","message":"GET /games.json","service":"portal-jogos-service","timestamp":"2026-01-12 00:57:56"}
{"level":"info","message":"GET /games/roda-a-roda/index.html","service":"portal-jogos-service","timestamp":"2026-01-12 00:57:56"}
{"level":"info","message":"GET /games/roda-a-roda/styles.css","service":"portal-jogos-service","timestamp":"2026-01-12 00:57:57"}
{"level":"info","message":"GET /games/roda-a-roda/assets/images/roleta.webp","service":"portal-jogos-service","timestamp":"2026-01-12 00:57:57"}
{"level":"info","message":"GET /games/roda-a-roda/script.js","service":"portal-jogos-service","timestamp":"2026-01-12 00:57:57"}
{"level":"info","message":"GET /games/roda-a-roda/assets/images/background.webp","service":"portal-jogos-service","timestamp":"2026-01-12 00:57:57"}
{"level":"info","message":"GET /games/roda-a-roda/assets/audio/roleta.mp3","service":"portal-jogos-service","timestamp":"2026-01-12 00:57:57"}
{"level":"info","message":"GET /games/roda-a-roda/assets/audio/resposta-certa-roda-a-roda.mp3","service":"portal-jogos-service","timestamp":"2026-01-12 00:57:57"}
{"level":"info","message":"GET /games/roda-a-roda/assets/audio/letraerrada.wav","service":"portal-jogos-service","timestamp":"2026-01-12 00:57:57"}
{"level":"info","message":"GET /games/roda-a-roda/assets/audio/letrarodaaroda.mp3","service":"portal-jogos-service","timestamp":"2026-01-12 00:57:57"}
{"level":"info","message":"GET /games/roda-a-roda/assets/audio/resposta-certa-roda-a-roda.mp3","service":"portal-jogos-service","timestamp":"2026-01-12 00:57:57"}
{"level":"info","message":"GET /games/roda-a-roda/assets/audio/perdeutudo.mp3","service":"portal-jogos-service","timestamp":"2026-01-12 00:57:57"}
{"level":"info","message":"GET /games/roda-a-roda/assets/audio/resposta-certa-roda-a-roda.mp3","service":"portal-jogos-service","timestamp":"2026-01-12 00:57:57"}
{"level":"info","message":"GET /games/roda-a-roda/assets/audio/passouavez.mp3","service":"portal-jogos-service","timestamp":"2026-01-12 00:57:57"}
{"level":"info","message":"GET /games/roda-a-roda/assets/audio/timer.mp3","service":"portal-jogos-service","timestamp":"2026-01-12 00:57:58"}
{"level":"info","message":"GET /games/roda-a-roda/assets/audio/resposta-certa-roda-a-roda.mp3","service":"portal-jogos-service","timestamp":"2026-01-12 00:57:58"}
{"level":"info","message":"GET /games/roda-a-roda/assets/audio/letraerrada.wav","service":"portal-jogos-service","timestamp":"2026-01-12 00:57:58"}
{"level":"info","message":"SERVER.JS FILE IS EXECUTING","service":"portal-jogos-service","timestamp":"2026-01-12 00:58:54"}
{"level":"info","message":"Attempting to set up email service...","service":"portal-jogos-service","timestamp":"2026-01-12 00:58:55"}
{"level":"info","message":"Usando Postgres Session Store.","service":"portal-jogos-service","timestamp":"2026-01-12 00:58:57"}
{"level":"info","message":"Servidor rodando em http://localhost:3001","service":"portal-jogos-service","timestamp":"2026-01-12 00:58:57"}
{"level":"info","message":"Conectado ao banco de dados (production).","service":"portal-jogos-service","timestamp":"2026-01-12 00:58:57"}
{"level":"info","message":"GET /api/user-status","service":"portal-jogos-service","timestamp":"2026-01-12 00:59:18"}
{"level":"info","message":"GET /games.json","service":"portal-jogos-service","timestamp":"2026-01-12 00:59:18"}
{"level":"info","message":"GET /games/roda-a-roda/index.html","service":"portal-jogos-service","timestamp":"2026-01-12 00:59:18"}
{"level":"info","message":"GET /games/roda-a-roda/styles.css","service":"portal-jogos-service","timestamp":"2026-01-12 00:59:19"}
{"level":"info","message":"GET /games/roda-a-roda/assets/images/roleta.webp","service":"portal-jogos-service","timestamp":"2026-01-12 00:59:19"}
{"level":"info","message":"GET /games/roda-a-roda/script.js","service":"portal-jogos-service","timestamp":"2026-01-12 00:59:19"}
{"level":"info","message":"GET /games.json","service":"portal-jogos-service","timestamp":"2026-01-12 00:59:31"}
{"level":"info","message":"POST /api/game-start","service":"portal-jogos-service","timestamp":"2026-01-12 00:59:32"}
{"level":"info","message":"GET /games/roda-a-roda/index.html","service":"portal-jogos-service","timestamp":"2026-01-12 00:59:33"}
{"level":"info","message":"GET /games/roda-a-roda/styles.css","service":"portal-jogos-service","timestamp":"2026-01-12 00:59:33"}
{"level":"info","message":"GET /games/roda-a-roda/assets/images/roleta.webp","service":"portal-jogos-service","timestamp":"2026-01-12 00:59:33"}
{"level":"info","message":"GET /games/roda-a-roda/script.js","service":"portal-jogos-service","timestamp":"2026-01-12 00:59:33"}
{"level":"info","message":"GET /games/roda-a-roda/assets/audio/roleta.mp3","service":"portal-jogos-service","timestamp":"2026-01-12 01:00:10"}
{"level":"info","message":"GET /games/roda-a-roda/assets/audio/resposta-certa-roda-a-roda.mp3","service":"portal-jogos-service","timestamp":"2026-01-12 01:00:10"}
{"level":"info","message":"GET /games/roda-a-roda/assets/audio/letraerrada.wav","service":"portal-jogos-service","timestamp":"2026-01-12 01:00:10"}
{"level":"info","message":"GET /games/roda-a-roda/assets/audio/letrarodaaroda.mp3","service":"portal-jogos-service","timestamp":"2026-01-12 01:00:10"}
{"level":"info","message":"GET /games/roda-a-roda/assets/audio/resposta-certa-roda-a-roda.mp3","service":"portal-jogos-service","timestamp":"2026-01-12 01:00:10"}
{"level":"info","message":"GET /games/roda-a-roda/assets/audio/letraerrada.wav","service":"portal-jogos-service","timestamp":"2026-01-12 01:00:10"}
{"level":"info","message":"GET /games/roda-a-roda/assets/audio/perdeutudo.mp3","service":"portal-jogos-service","timestamp":"2026-01-12 01:00:10"}
{"level":"info","message":"GET /games/roda-a-roda/assets/audio/passouavez.mp3","service":"portal-jogos-service","timestamp":"2026-01-12 01:00:10"}
{"level":"info","message":"GET /games/roda-a-roda/assets/audio/timer.mp3","service":"portal-jogos-service","timestamp":"2026-01-12 01:00:10"}
{"level":"info","message":"GET /games/roda-a-roda/assets/audio/resposta-certa-roda-a-roda.mp3","service":"portal-jogos-service","timestamp":"2026-01-12 01:00:10"}
{"level":"info","message":"GET /games/roda-a-roda/assets/audio/resposta-certa-roda-a-roda.mp3","service":"portal-jogos-service","timestamp":"2026-01-12 01:00:10"}
{"level":"info","message":"GET /api/user-status","service":"portal-jogos-service","timestamp":"2026-01-12 01:00:13"}
{"level":"info","message":"GET /games.json","service":"portal-jogos-service","timestamp":"2026-01-12 01:00:13"}
{"level":"info","message":"GET /games.json","service":"portal-jogos-service","timestamp":"2026-01-12 01:00:13"}
{"level":"info","message":"GET /games/tabela-periodica-bingo/imagens/tamb.webp","service":"portal-jogos-service","timestamp":"2026-01-12 01:00:14"}
{"level":"info","message":"GET /games/roda-a-roda/assets/images/tamb.webp","service":"portal-jogos-service","timestamp":"2026-01-12 01:00:14"}
{"level":"info","message":"GET /games/desafio-exploradores/assets/imagens/tamb.webp","service":"portal-jogos-service","timestamp":"2026-01-12 01:00:14"}
{"level":"info","message":"GET /games/detector-fatos/assets/imagens/tamb.webp","service":"portal-jogos-service","timestamp":"2026-01-12 01:00:14"}
{"level":"info","message":"GET /games/game-memoria/assets/imagens/tamb-m.webp","service":"portal-jogos-service","timestamp":"2026-01-12 01:00:14"}
{"level":"info","message":"GET /games/game-memoria/assets/imagens/tamb-p.webp","service":"portal-jogos-service","timestamp":"2026-01-12 01:00:14"}
{"level":"info","message":"GET /api/user-status","service":"portal-jogos-service","timestamp":"2026-01-12 01:00:17"}
{"level":"info","message":"GET /games.json","service":"portal-jogos-service","timestamp":"2026-01-12 01:00:17"}
{"level":"info","message":"GET /games.json","service":"portal-jogos-service","timestamp":"2026-01-12 01:00:17"}
{"level":"info","message":"POST /api/game-start","service":"portal-jogos-service","timestamp":"2026-01-12 01:00:17"}
{"level":"info","message":"POST /api/game-start","service":"portal-jogos-service","timestamp":"2026-01-12 01:00:17"}
{"level":"info","message":"GET /games/roda-a-roda/index.html","service":"portal-jogos-service","timestamp":"2026-01-12 01:00:17"}
{"level":"info","message":"GET /games/roda-a-roda/styles.css","service":"portal-jogos-service","timestamp":"2026-01-12 01:00:17"}
{"level":"info","message":"GET /games/roda-a-roda/assets/images/roleta.webp","service":"portal-jogos-service","timestamp":"2026-01-12 01:00:17"}
{"level":"info","message":"GET /games/roda-a-roda/script.js","service":"portal-jogos-service","timestamp":"2026-01-12 01:00:17"}
{"level":"info","message":"GET /games/roda-a-roda/assets/images/background.webp","service":"portal-jogos-service","timestamp":"2026-01-12 01:00:18"}
{"level":"info","message":"GET /games/roda-a-roda/assets/audio/roleta.mp3","service":"portal-jogos-service","timestamp":"2026-01-12 01:00:18"}
{"level":"info","message":"GET /games/roda-a-roda/assets/audio/resposta-certa-roda-a-roda.mp3","service":"portal-jogos-service","timestamp":"2026-01-12 01:00:18"}
{"level":"info","message":"GET /games/roda-a-roda/assets/audio/letraerrada.wav","service":"portal-jogos-service","timestamp":"2026-01-12 01:00:18"}
{"level":"info","message":"GET /games/roda-a-roda/assets/audio/letrarodaaroda.mp3","service":"portal-jogos-service","timestamp":"2026-01-12 01:00:18"}
{"level":"info","message":"GET /games/roda-a-roda/assets/audio/resposta-certa-roda-a-roda.mp3","service":"portal-jogos-service","timestamp":"2026-01-12 01:00:18"}
{"level":"info","message":"GET /games/roda-a-roda/assets/audio/letraerrada.wav","service":"portal-jogos-service","timestamp":"2026-01-12 01:00:18"}
{"level":"info","message":"GET /games/roda-a-roda/assets/audio/perdeutudo.mp3","service":"portal-jogos-service","timestamp":"2026-01-12 01:00:18"}
{"level":"info","message":"GET /games/roda-a-roda/assets/audio/passouavez.mp3","service":"portal-jogos-service","timestamp":"2026-01-12 01:00:18"}
{"level":"info","message":"GET /games/roda-a-roda/assets/audio/timer.mp3","service":"portal-jogos-service","timestamp":"2026-01-12 01:00:18"}
{"level":"info","message":"GET /games/roda-a-roda/assets/audio/resposta-certa-roda-a-roda.mp3","service":"portal-jogos-service","timestamp":"2026-01-12 01:00:18"}
{"level":"info","message":"GET /games/roda-a-roda/assets/audio/resposta-certa-roda-a-roda.mp3","service":"portal-jogos-service","timestamp":"2026-01-12 01:00:18"}
{"level":"info","message":"GET /api/user-status","service":"portal-jogos-service","timestamp":"2026-01-12 01:00:20"}
{"level":"info","message":"GET /games.json","service":"portal-jogos-service","timestamp":"2026-01-12 01:00:20"}
{"level":"info","message":"GET /games.json","service":"portal-jogos-service","timestamp":"2026-01-12 01:00:20"}
{"level":"info","message":"GET /api/user-status","service":"portal-jogos-service","timestamp":"2026-01-12 01:00:23"}
{"level":"info","message":"GET /games.json","service":"portal-jogos-service","timestamp":"2026-01-12 01:00:23"}
{"level":"info","message":"GET /games.json","service":"portal-jogos-service","timestamp":"2026-01-12 01:00:23"}
{"level":"info","message":"POST /api/game-start","service":"portal-jogos-service","timestamp":"2026-01-12 01:00:23"}
{"level":"info","message":"POST /api/game-start","service":"portal-jogos-service","timestamp":"2026-01-12 01:00:23"}
{"level":"info","message":"GET /api/user-status","service":"portal-jogos-service","timestamp":"2026-01-12 01:00:34"}
{"level":"info","message":"GET /api/user-status","service":"portal-jogos-service","timestamp":"2026-01-12 01:05:17"}
{"level":"info","message":"GET /games.json","service":"portal-jogos-service","timestamp":"2026-01-12 01:05:17"}
{"level":"info","message":"POST /api/game-start","service":"portal-jogos-service","timestamp":"2026-01-12 01:05:17"}
{"level":"info","message":"GET /api/user-status","service":"portal-jogos-service","timestamp":"2026-01-12 01:05:23"}
{"level":"info","message":"GET /games.json","service":"portal-jogos-service","timestamp":"2026-01-12 01:05:23"}
{"level":"info","message":"GET /games.json","service":"portal-jogos-service","timestamp":"2026-01-12 01:05:23"}
{"level":"info","message":"GET /games/tabela-periodica-bingo/imagens/tamb.webp","service":"portal-jogos-service","timestamp":"2026-01-12 01:05:23"}
{"level":"info","message":"GET /games/roda-a-roda/assets/images/tamb.webp","service":"portal-jogos-service","timestamp":"2026-01-12 01:05:23"}
{"level":"info","message":"GET /games/desafio-exploradores/assets/imagens/tamb.webp","service":"portal-jogos-service","timestamp":"2026-01-12 01:05:23"}
{"level":"info","message":"GET /games/detector-fatos/assets/imagens/tamb.webp","service":"portal-jogos-service","timestamp":"2026-01-12 01:05:23"}
{"level":"info","message":"GET /games/game-memoria/assets/imagens/tamb-m.webp","service":"portal-jogos-service","timestamp":"2026-01-12 01:05:23"}
{"level":"info","message":"GET /games/game-memoria/assets/imagens/tamb-p.webp","service":"portal-jogos-service","timestamp":"2026-01-12 01:05:23"}
{"level":"info","message":"GET /api/user-status","service":"portal-jogos-service","timestamp":"2026-01-12 01:05:28"}
{"level":"info","message":"GET /games.json","service":"portal-jogos-service","timestamp":"2026-01-12 01:05:28"}
{"level":"info","message":"GET /games.json","service":"portal-jogos-service","timestamp":"2026-01-12 01:05:28"}
{"level":"info","message":"POST /api/game-start","service":"portal-jogos-service","timestamp":"2026-01-12 01:05:28"}
{"level":"info","message":"POST /api/game-start","service":"portal-jogos-service","timestamp":"2026-01-12 01:05:28"}
{"level":"info","message":"GET /api/user-status","service":"portal-jogos-service","timestamp":"2026-01-12 01:05:33"}
{"level":"info","message":"GET /api/user-status","service":"portal-jogos-service","timestamp":"2026-01-12 01:05:38"}
{"level":"info","message":"GET /games.json","service":"portal-jogos-service","timestamp":"2026-01-12 01:05:38"}
{"level":"info","message":"POST /api/game-start","service":"portal-jogos-service","timestamp":"2026-01-12 01:05:38"}
{"level":"info","message":"GET /api/user-status","service":"portal-jogos-service","timestamp":"2026-01-12 01:07:23"}
{"level":"info","message":"GET /games.json","service":"portal-jogos-service","timestamp":"2026-01-12 01:07:23"}
{"level":"info","message":"POST /api/game-start","service":"portal-jogos-service","timestamp":"2026-01-12 01:07:23"}
{"level":"info","message":"GET /api/user-status","service":"portal-jogos-service","timestamp":"2026-01-12 01:08:29"}
{"level":"info","message":"GET /games.json","service":"portal-jogos-service","timestamp":"2026-01-12 01:08:29"}
{"level":"info","message":"POST /api/game-start","service":"portal-jogos-service","timestamp":"2026-01-12 01:08:29"}
{"level":"info","message":"GET /api/user-status","service":"portal-jogos-service","timestamp":"2026-01-12 01:11:31"}
{"level":"info","message":"GET /api/user-status","service":"portal-jogos-service","timestamp":"2026-01-12 01:12:53"}
{"level":"info","message":"GET /games.json","service":"portal-jogos-service","timestamp":"2026-01-12 01:12:53"}
{"level":"info","message":"POST /api/game-start","service":"portal-jogos-service","timestamp":"2026-01-12 01:12:53"}
{"level":"info","message":"GET /api/user-status","service":"portal-jogos-service","timestamp":"2026-01-12 01:12:54"}
{"level":"info","message":"GET /api/user-status","service":"portal-jogos-service","timestamp":"2026-01-12 01:12:55"}
{"level":"info","message":"GET /api/user-status","service":"portal-jogos-service","timestamp":"2026-01-12 01:13:02"}
{"level":"info","message":"GET /games.json","service":"portal-jogos-service","timestamp":"2026-01-12 01:13:02"}
{"level":"info","message":"GET /games.json","service":"portal-jogos-service","timestamp":"2026-01-12 01:13:02"}
{"level":"info","message":"GET /games/tabela-periodica-bingo/imagens/tamb.webp","service":"portal-jogos-service","timestamp":"2026-01-12 01:13:03"}
{"level":"info","message":"GET /games/roda-a-roda/assets/images/tamb.webp","service":"portal-jogos-service","timestamp":"2026-01-12 01:13:03"}
{"level":"info","message":"GET /games/desafio-exploradores/assets/imagens/tamb.webp","service":"portal-jogos-service","timestamp":"2026-01-12 01:13:03"}
{"level":"info","message":"GET /games/detector-fatos/assets/imagens/tamb.webp","service":"portal-jogos-service","timestamp":"2026-01-12 01:13:03"}
{"level":"info","message":"GET /games/game-memoria/assets/imagens/tamb-m.webp","service":"portal-jogos-service","timestamp":"2026-01-12 01:13:03"}
{"level":"info","message":"GET /games/game-memoria/assets/imagens/tamb-p.webp","service":"portal-jogos-service","timestamp":"2026-01-12 01:13:03"}
{"level":"info","message":"GET /api/user-status","service":"portal-jogos-service","timestamp":"2026-01-12 01:13:08"}
{"level":"info","message":"GET /games.json","service":"portal-jogos-service","timestamp":"2026-01-12 01:13:08"}
{"level":"info","message":"GET /games.json","service":"portal-jogos-service","timestamp":"2026-01-12 01:13:08"}
{"level":"info","message":"POST /api/game-start","service":"portal-jogos-service","timestamp":"2026-01-12 01:13:08"}
{"level":"info","message":"POST /api/game-start","service":"portal-jogos-service","timestamp":"2026-01-12 01:13:08"}
{"level":"info","message":"GET /api/user-status","service":"portal-jogos-service","timestamp":"2026-01-12 01:13:08"}
{"level":"info","message":"GET /api/user-status","service":"portal-jogos-service","timestamp":"2026-01-12 01:13:08"}
{"level":"info","message":"GET /api/user-status","service":"portal-jogos-service","timestamp":"2026-01-12 01:15:43"}
{"level":"info","message":"GET /games.json","service":"portal-jogos-service","timestamp":"2026-01-12 01:15:44"}
{"level":"info","message":"POST /api/game-start","service":"portal-jogos-service","timestamp":"2026-01-12 01:15:44"}
{"level":"info","message":"GET /api/user-status","service":"portal-jogos-service","timestamp":"2026-01-12 01:15:45"}
{"level":"info","message":"GET /api/user-status","service":"portal-jogos-service","timestamp":"2026-01-12 01:15:45"}
{"level":"info","message":"GET /api/user-status","service":"portal-jogos-service","timestamp":"2026-01-12 01:21:14"}
{"level":"info","message":"GET /api/user-status","service":"portal-jogos-service","timestamp":"2026-01-12 01:22:28"}
{"level":"info","message":"GET /games.json","service":"portal-jogos-service","timestamp":"2026-01-12 01:22:28"}
{"level":"info","message":"POST /api/game-start","service":"portal-jogos-service","timestamp":"2026-01-12 01:22:29"}
{"level":"info","message":"GET /api/user-status","service":"portal-jogos-service","timestamp":"2026-01-12 01:22:29"}
{"level":"info","message":"GET /api/user-status","service":"portal-jogos-service","timestamp":"2026-01-12 01:22:30"}
{"level":"info","message":"SERVER.JS FILE IS EXECUTING","service":"portal-jogos-service","timestamp":"2026-01-12 01:23:04"}
{"level":"info","message":"Attempting to set up email service...","service":"portal-jogos-service","timestamp":"2026-01-12 01:23:04"}
{"level":"info","message":"Usando Postgres Session Store.","service":"portal-jogos-service","timestamp":"2026-01-12 01:23:06"}
{"level":"info","message":"Servidor rodando em http://localhost:3001","service":"portal-jogos-service","timestamp":"2026-01-12 01:23:06"}
{"level":"info","message":"Conectado ao banco de dados (production).","service":"portal-jogos-service","timestamp":"2026-01-12 01:23:07"}
{"level":"info","message":"GET /games.json","service":"portal-jogos-service","timestamp":"2026-01-12 01:24:18"}
{"level":"info","message":"GET /api/user-status","service":"portal-jogos-service","timestamp":"2026-01-12 01:24:18"}
{"level":"info","message":"POST /api/game-start","service":"portal-jogos-service","timestamp":"2026-01-12 01:24:18"}
{"level":"info","message":"GET /api/user-status","service":"portal-jogos-service","timestamp":"2026-01-12 01:24:19"}
{"level":"info","message":"GET /api/user-status","service":"portal-jogos-service","timestamp":"2026-01-12 01:24:19"}
{"level":"info","message":"SERVER.JS FILE IS EXECUTING","service":"portal-jogos-service","timestamp":"2026-01-12 01:25:08"}
{"level":"info","message":"Attempting to set up email service...","service":"portal-jogos-service","timestamp":"2026-01-12 01:25:08"}
{"level":"info","message":"Usando Postgres Session Store.","service":"portal-jogos-service","timestamp":"2026-01-12 01:25:10"}
{"level":"info","message":"Servidor rodando em http://localhost:3001","service":"portal-jogos-service","timestamp":"2026-01-12 01:25:10"}
{"level":"info","message":"Conectado ao banco de dados (production).","service":"portal-jogos-service","timestamp":"2026-01-12 01:25:10"}
{"level":"info","message":"GET /api/user-status","service":"portal-jogos-service","timestamp":"2026-01-12 01:25:35"}
{"level":"info","message":"GET /games.json","service":"portal-jogos-service","timestamp":"2026-01-12 01:25:35"}
{"level":"info","message":"POST /api/game-start","service":"portal-jogos-service","timestamp":"2026-01-12 01:25:35"}
{"level":"info","message":"GET /api/user-status","service":"portal-jogos-service","timestamp":"2026-01-12 01:25:36"}
{"level":"info","message":"GET /api/user-status","service":"portal-jogos-service","timestamp":"2026-01-12 01:25:36"}
{"level":"info","message":"GET /api/user-status","service":"portal-jogos-service","timestamp":"2026-01-12 01:26:07"}
{"level":"info","message":"GET /games.json","service":"portal-jogos-service","timestamp":"2026-01-12 01:26:07"}
{"level":"info","message":"POST /api/game-start","service":"portal-jogos-service","timestamp":"2026-01-12 01:26:07"}
{"level":"info","message":"GET /api/user-status","service":"portal-jogos-service","timestamp":"2026-01-12 01:26:08"}
{"level":"info","message":"GET /api/user-status","service":"portal-jogos-service","timestamp":"2026-01-12 01:26:08"}
{"level":"info","message":"GET /api/user-status","service":"portal-jogos-service","timestamp":"2026-01-12 01:26:24"}
{"level":"info","message":"GET /api/user-status","service":"portal-jogos-service","timestamp":"2026-01-12 01:26:24"}
{"level":"info","message":"GET /api/user-status","service":"portal-jogos-service","timestamp":"2026-01-12 01:26:25"}
{"level":"info","message":"GET /api/user-status","service":"portal-jogos-service","timestamp":"2026-01-12 01:27:03"}
{"level":"info","message":"GET /games.json","service":"portal-jogos-service","timestamp":"2026-01-12 01:27:03"}
{"level":"info","message":"GET /games.json","service":"portal-jogos-service","timestamp":"2026-01-12 01:27:03"}
{"level":"info","message":"POST /api/game-start","service":"portal-jogos-service","timestamp":"2026-01-12 01:27:03"}
{"level":"info","message":"POST /api/game-start","service":"portal-jogos-service","timestamp":"2026-01-12 01:27:03"}
{"level":"info","message":"GET /api/user-status","service":"portal-jogos-service","timestamp":"2026-01-12 01:27:03"}
{"level":"info","message":"GET /api/user-status","service":"portal-jogos-service","timestamp":"2026-01-12 01:27:04"}
{"level":"info","message":"GET /api/user-status","service":"portal-jogos-service","timestamp":"2026-01-12 01:31:03"}
{"level":"info","message":"GET /games.json","service":"portal-jogos-service","timestamp":"2026-01-12 01:31:03"}
{"level":"info","message":"POST /api/game-start","service":"portal-jogos-service","timestamp":"2026-01-12 01:31:03"}
{"level":"info","message":"GET /api/user-status","service":"portal-jogos-service","timestamp":"2026-01-12 01:31:04"}
{"level":"info","message":"GET /api/user-status","service":"portal-jogos-service","timestamp":"2026-01-12 01:31:04"}
{"level":"info","message":"SERVER.JS FILE IS EXECUTING","service":"portal-jogos-service","timestamp":"2026-01-12 01:31:49"}
{"level":"info","message":"Attempting to set up email service...","service":"portal-jogos-service","timestamp":"2026-01-12 01:31:49"}
{"level":"info","message":"Usando Postgres Session Store.","service":"portal-jogos-service","timestamp":"2026-01-12 01:31:51"}
{"level":"info","message":"Servidor rodando em http://localhost:3001","service":"portal-jogos-service","timestamp":"2026-01-12 01:31:51"}
{"level":"info","message":"Conectado ao banco de dados (production).","service":"portal-jogos-service","timestamp":"2026-01-12 01:31:51"}
{"level":"info","message":"GET /api/user-status","service":"portal-jogos-service","timestamp":"2026-01-12 01:32:47"}
{"level":"info","message":"GET /games.json","service":"portal-jogos-service","timestamp":"2026-01-12 01:32:48"}
{"level":"info","message":"POST /api/game-start","service":"portal-jogos-service","timestamp":"2026-01-12 01:32:48"}
{"level":"info","message":"GET /api/user-status","service":"portal-jogos-service","timestamp":"2026-01-12 01:32:49"}
{"level":"info","message":"GET /api/user-status","service":"portal-jogos-service","timestamp":"2026-01-12 01:32:49"}
{"level":"info","message":"GET /api/user-status","service":"portal-jogos-service","timestamp":"2026-01-12 01:32:59"}
{"level":"info","message":"GET /games.json","service":"portal-jogos-service","timestamp":"2026-01-12 01:32:59"}
{"level":"info","message":"POST /api/game-start","service":"portal-jogos-service","timestamp":"2026-01-12 01:32:59"}
{"level":"info","message":"GET /api/user-status","service":"portal-jogos-service","timestamp":"2026-01-12 01:32:59"}
{"level":"info","message":"GET /api/user-status","service":"portal-jogos-service","timestamp":"2026-01-12 01:33:00"}
{"level":"info","message":"GET /api/user-status","service":"portal-jogos-service","timestamp":"2026-01-12 01:33:08"}
{"level":"info","message":"GET /games.json","service":"portal-jogos-service","timestamp":"2026-01-12 01:33:08"}
{"level":"info","message":"GET /games.json","service":"portal-jogos-service","timestamp":"2026-01-12 01:33:08"}
{"level":"info","message":"GET /games/tabela-periodica-bingo/imagens/tamb.webp","service":"portal-jogos-service","timestamp":"2026-01-12 01:33:08"}
{"level":"info","message":"GET /games/roda-a-roda/assets/images/tamb.webp","service":"portal-jogos-service","timestamp":"2026-01-12 01:33:08"}
{"level":"info","message":"GET /games/desafio-exploradores/assets/imagens/tamb.webp","service":"portal-jogos-service","timestamp":"2026-01-12 01:33:08"}
{"level":"info","message":"GET /games/detector-fatos/assets/imagens/tamb.webp","service":"portal-jogos-service","timestamp":"2026-01-12 01:33:08"}
{"level":"info","message":"GET /games/game-memoria/assets/imagens/tamb-p.webp","service":"portal-jogos-service","timestamp":"2026-01-12 01:33:08"}
{"level":"info","message":"GET /games/game-memoria/assets/imagens/tamb-m.webp","service":"portal-jogos-service","timestamp":"2026-01-12 01:33:08"}
{"level":"info","message":"GET /games.json","service":"portal-jogos-service","timestamp":"2026-01-12 01:37:53"}
{"level":"info","message":"GET /api/user-status","service":"portal-jogos-service","timestamp":"2026-01-12 01:37:53"}
{"level":"info","message":"GET /games.json","service":"portal-jogos-service","timestamp":"2026-01-12 01:37:53"}
{"level":"info","message":"POST /api/game-start","service":"portal-jogos-service","timestamp":"2026-01-12 01:37:53"}
{"level":"info","message":"POST /api/game-start","service":"portal-jogos-service","timestamp":"2026-01-12 01:37:53"}
{"level":"info","message":"GET /api/user-status","service":"portal-jogos-service","timestamp":"2026-01-12 01:37:54"}
{"level":"info","message":"GET /api/user-status","service":"portal-jogos-service","timestamp":"2026-01-12 01:37:54"}
{"level":"info","message":"GET /api/user-status","service":"portal-jogos-service","timestamp":"2026-01-12 01:37:59"}
{"level":"info","message":"GET /api/user-status","service":"portal-jogos-service","timestamp":"2026-01-12 01:37:59"}
{"level":"info","message":"GET /api/user-status","service":"portal-jogos-service","timestamp":"2026-01-12 01:37:59"}
{"level":"info","message":"POST /api/payment/create_preference","service":"portal-jogos-service","timestamp":"2026-01-12 01:38:12"}
{"level":"info","message":"SERVER.JS FILE IS EXECUTING","service":"portal-jogos-service","timestamp":"2026-01-12 01:39:29"}
{"level":"info","message":"Attempting to set up email service...","service":"portal-jogos-service","timestamp":"2026-01-12 01:39:29"}
{"level":"info","message":"Usando Postgres Session Store.","service":"portal-jogos-service","timestamp":"2026-01-12 01:39:31"}
{"level":"info","message":"Servidor rodando em http://localhost:3001","service":"portal-jogos-service","timestamp":"2026-01-12 01:39:31"}
{"level":"info","message":"Conectado ao banco de dados (production).","service":"portal-jogos-service","timestamp":"2026-01-12 01:39:32"}
{"level":"info","message":"GET /api/user-status","service":"portal-jogos-service","timestamp":"2026-01-12 01:39:51"}
{"level":"info","message":"GET /api/user-status","service":"portal-jogos-service","timestamp":"2026-01-12 01:39:51"}
{"level":"info","message":"POST /api/payment/create_preference","service":"portal-jogos-service","timestamp":"2026-01-12 01:39:55"}
{"level":"info","message":"GET /api/user-status","service":"portal-jogos-service","timestamp":"2026-01-12 01:40:23"}
{"level":"info","message":"GET /api/user-status","service":"portal-jogos-service","timestamp":"2026-01-12 01:40:23"}
{"level":"info","message":"GET /api/user-status","service":"portal-jogos-service","timestamp":"2026-01-12 01:40:28"}
{"level":"info","message":"GET /games.json","service":"portal-jogos-service","timestamp":"2026-01-12 01:40:28"}
{"level":"info","message":"GET /games.json","service":"portal-jogos-service","timestamp":"2026-01-12 01:40:28"}
{"level":"info","message":"GET /games/tabela-periodica-bingo/imagens/tamb.webp","service":"portal-jogos-service","timestamp":"2026-01-12 01:40:29"}
{"level":"info","message":"GET /games/roda-a-roda/assets/images/tamb.webp","service":"portal-jogos-service","timestamp":"2026-01-12 01:40:29"}
{"level":"info","message":"GET /games/desafio-exploradores/assets/imagens/tamb.webp","service":"portal-jogos-service","timestamp":"2026-01-12 01:40:29"}
{"level":"info","message":"GET /games/detector-fatos/assets/imagens/tamb.webp","service":"portal-jogos-service","timestamp":"2026-01-12 01:40:29"}
{"level":"info","message":"GET /games/game-memoria/assets/imagens/tamb-m.webp","service":"portal-jogos-service","timestamp":"2026-01-12 01:40:29"}
{"level":"info","message":"GET /games/game-memoria/assets/imagens/tamb-p.webp","service":"portal-jogos-service","timestamp":"2026-01-12 01:40:29"}
{"level":"info","message":"GET /api/user-status","service":"portal-jogos-service","timestamp":"2026-01-12 01:40:33"}
{"level":"info","message":"GET /games.json","service":"portal-jogos-service","timestamp":"2026-01-12 01:40:33"}
{"level":"info","message":"GET /games.json","service":"portal-jogos-service","timestamp":"2026-01-12 01:40:34"}
{"level":"info","message":"POST /api/game-start","service":"portal-jogos-service","timestamp":"2026-01-12 01:40:34"}
{"level":"info","message":"POST /api/game-start","service":"portal-jogos-service","timestamp":"2026-01-12 01:40:34"}
{"level":"info","message":"GET /api/user-status","service":"portal-jogos-service","timestamp":"2026-01-12 01:40:34"}
{"level":"info","message":"GET /api/user-status","service":"portal-jogos-service","timestamp":"2026-01-12 01:40:34"}
{"level":"info","message":"GET /api/user-status","service":"portal-jogos-service","timestamp":"2026-01-12 01:40:38"}
{"level":"info","message":"GET /api/user-status","service":"portal-jogos-service","timestamp":"2026-01-12 01:40:39"}
{"level":"info","message":"GET /api/user-status","service":"portal-jogos-service","timestamp":"2026-01-12 01:40:39"}
{"level":"info","message":"POST /api/payment/create_preference","service":"portal-jogos-service","timestamp":"2026-01-12 01:40:40"}
{"level":"info","message":"GET /api/user-status","service":"portal-jogos-service","timestamp":"2026-01-12 01:44:34"}
{"level":"info","message":"GET /api/user-status","service":"portal-jogos-service","timestamp":"2026-01-12 01:44:35"}
{"level":"info","message":"POST /api/payment/create_preference","service":"portal-jogos-service","timestamp":"2026-01-12 01:44:40"}
{"level":"info","message":"GET /api/user-status","service":"portal-jogos-service","timestamp":"2026-01-12 01:48:39"}
{"level":"info","message":"GET /api/user-status","service":"portal-jogos-service","timestamp":"2026-01-12 01:48:59"}
{"level":"error","message":"Erro: getaddrinfo ENOTFOUND aws-1-sa-east-1.pooler.supabase.com","service":"portal-jogos-service","stack":"Error: getaddrinfo ENOTFOUND aws-1-sa-east-1.pooler.supabase.com\n    at E:\\meu-portal-de-jogos - backup\\node_modules\\pg-pool\\index.js:45:11\n    at process.processTicksAndRejections (node:internal/process/task_queues:103:5)\n    at async PGStore._asyncQuery (E:\\meu-portal-de-jogos - backup\\node_modules\\connect-pg-simple\\index.js:322:21)","timestamp":"2026-01-12 01:48:59"}
{"level":"error","message":"Erro: connect ETIMEDOUT 172.31.255.254:5432","service":"portal-jogos-service","stack":"Error: connect ETIMEDOUT 172.31.255.254:5432\n    at E:\\meu-portal-de-jogos - backup\\node_modules\\pg-pool\\index.js:45:11\n    at process.processTicksAndRejections (node:internal/process/task_queues:103:5)\n    at async PGStore._asyncQuery (E:\\meu-portal-de-jogos - backup\\node_modules\\connect-pg-simple\\index.js:322:21)","timestamp":"2026-01-12 01:49:00"}
{"level":"info","message":"GET /api/user-status","service":"portal-jogos-service","timestamp":"2026-01-12 01:49:00"}
{"level":"error","message":"Erro: getaddrinfo ENOTFOUND aws-1-sa-east-1.pooler.supabase.com","service":"portal-jogos-service","stack":"Error: getaddrinfo ENOTFOUND aws-1-sa-east-1.pooler.supabase.com\n    at E:\\meu-portal-de-jogos - backup\\node_modules\\pg-pool\\index.js:45:11\n    at process.processTicksAndRejections (node:internal/process/task_queues:103:5)\n    at async PGStore._asyncQuery (E:\\meu-portal-de-jogos - backup\\node_modules\\connect-pg-simple\\index.js:322:21)","timestamp":"2026-01-12 01:49:00"}
{"level":"info","message":"POST /api/login","service":"portal-jogos-service","timestamp":"2026-01-12 01:49:30"}
{"level":"error","message":"Erro: getaddrinfo ENOTFOUND aws-1-sa-east-1.pooler.supabase.com","service":"portal-jogos-service","stack":"Error: getaddrinfo ENOTFOUND aws-1-sa-east-1.pooler.supabase.com\n    at E:\\meu-portal-de-jogos - backup\\node_modules\\pg-pool\\index.js:45:11\n    at process.processTicksAndRejections (node:internal/process/task_queues:103:5)\n    at async PGStore._asyncQuery (E:\\meu-portal-de-jogos - backup\\node_modules\\connect-pg-simple\\index.js:322:21)","timestamp":"2026-01-12 01:49:30"}
{"level":"info","message":"POST /api/login","service":"portal-jogos-service","timestamp":"2026-01-12 01:49:50"}
{"level":"info","message":"POST /api/login","service":"portal-jogos-service","timestamp":"2026-01-12 01:50:01"}
{"level":"info","message":"POST /api/login","service":"portal-jogos-service","timestamp":"2026-01-12 01:50:23"}
{"level":"info","message":"GET /api/user-status","service":"portal-jogos-service","timestamp":"2026-01-12 01:50:24"}
{"level":"info","message":"GET /games.json","service":"portal-jogos-service","timestamp":"2026-01-12 01:50:24"}
{"level":"info","message":"GET /games.json","service":"portal-jogos-service","timestamp":"2026-01-12 01:50:24"}
{"level":"info","message":"GET /games/tabela-periodica-bingo/imagens/tamb.webp","service":"portal-jogos-service","timestamp":"2026-01-12 01:50:24"}
{"level":"info","message":"GET /games/roda-a-roda/assets/images/tamb.webp","service":"portal-jogos-service","timestamp":"2026-01-12 01:50:24"}
{"level":"info","message":"GET /games/desafio-exploradores/assets/imagens/tamb.webp","service":"portal-jogos-service","timestamp":"2026-01-12 01:50:24"}
{"level":"info","message":"GET /games/detector-fatos/assets/imagens/tamb.webp","service":"portal-jogos-service","timestamp":"2026-01-12 01:50:24"}
{"level":"info","message":"GET /games/game-memoria/assets/imagens/tamb-m.webp","service":"portal-jogos-service","timestamp":"2026-01-12 01:50:24"}
{"level":"info","message":"GET /games/game-memoria/assets/imagens/tamb-p.webp","service":"portal-jogos-service","timestamp":"2026-01-12 01:50:24"}
{"level":"info","message":"GET /api/user-status","service":"portal-jogos-service","timestamp":"2026-01-12 01:50:29"}
{"level":"info","message":"GET /games.json","service":"portal-jogos-service","timestamp":"2026-01-12 01:50:29"}
{"level":"info","message":"GET /games.json","service":"portal-jogos-service","timestamp":"2026-01-12 01:50:29"}
{"level":"info","message":"POST /api/game-start","service":"portal-jogos-service","timestamp":"2026-01-12 01:50:30"}
{"level":"info","message":"POST /api/game-start","service":"portal-jogos-service","timestamp":"2026-01-12 01:50:30"}
{"level":"info","message":"GET /games/roda-a-roda/index.html","service":"portal-jogos-service","timestamp":"2026-01-12 01:50:30"}
{"level":"info","message":"GET /games/roda-a-roda/styles.css","service":"portal-jogos-service","timestamp":"2026-01-12 01:50:30"}
{"level":"info","message":"GET /games/roda-a-roda/assets/images/roleta.webp","service":"portal-jogos-service","timestamp":"2026-01-12 01:50:30"}
{"level":"info","message":"GET /games/roda-a-roda/script.js","service":"portal-jogos-service","timestamp":"2026-01-12 01:50:30"}
{"level":"info","message":"GET /games/roda-a-roda/assets/images/background.webp","service":"portal-jogos-service","timestamp":"2026-01-12 01:50:30"}
{"level":"info","message":"GET /games/roda-a-roda/assets/audio/roleta.mp3","service":"portal-jogos-service","timestamp":"2026-01-12 01:50:30"}
{"level":"info","message":"GET /games/roda-a-roda/assets/audio/resposta-certa-roda-a-roda.mp3","service":"portal-jogos-service","timestamp":"2026-01-12 01:50:30"}
{"level":"info","message":"GET /games/roda-a-roda/assets/audio/letraerrada.wav","service":"portal-jogos-service","timestamp":"2026-01-12 01:50:30"}
{"level":"info","message":"GET /games/roda-a-roda/assets/audio/letrarodaaroda.mp3","service":"portal-jogos-service","timestamp":"2026-01-12 01:50:30"}
{"level":"info","message":"GET /games/roda-a-roda/assets/audio/resposta-certa-roda-a-roda.mp3","service":"portal-jogos-service","timestamp":"2026-01-12 01:50:30"}
{"level":"info","message":"GET /games/roda-a-roda/assets/audio/letraerrada.wav","service":"portal-jogos-service","timestamp":"2026-01-12 01:50:30"}
{"level":"info","message":"GET /games/roda-a-roda/assets/audio/perdeutudo.mp3","service":"portal-jogos-service","timestamp":"2026-01-12 01:50:30"}
{"level":"info","message":"GET /games/roda-a-roda/assets/audio/passouavez.mp3","service":"portal-jogos-service","timestamp":"2026-01-12 01:50:30"}
{"level":"info","message":"GET /games/roda-a-roda/assets/audio/timer.mp3","service":"portal-jogos-service","timestamp":"2026-01-12 01:50:30"}
{"level":"info","message":"GET /games/roda-a-roda/assets/audio/resposta-certa-roda-a-roda.mp3","service":"portal-jogos-service","timestamp":"2026-01-12 01:50:31"}
{"level":"info","message":"GET /games/roda-a-roda/assets/audio/resposta-certa-roda-a-roda.mp3","service":"portal-jogos-service","timestamp":"2026-01-12 01:50:31"}
{"level":"info","message":"GET /api/user-status","service":"portal-jogos-service","timestamp":"2026-01-12 01:50:33"}
{"level":"info","message":"GET /games.json","service":"portal-jogos-service","timestamp":"2026-01-12 01:50:33"}
{"level":"info","message":"GET /games.json","service":"portal-jogos-service","timestamp":"2026-01-12 01:50:33"}
{"level":"info","message":"GET /api/user-status","service":"portal-jogos-service","timestamp":"2026-01-12 01:50:36"}
{"level":"info","message":"GET /games.json","service":"portal-jogos-service","timestamp":"2026-01-12 01:50:36"}
{"level":"info","message":"GET /games.json","service":"portal-jogos-service","timestamp":"2026-01-12 01:50:36"}
{"level":"info","message":"POST /api/game-start","service":"portal-jogos-service","timestamp":"2026-01-12 01:50:36"}
{"level":"info","message":"POST /api/game-start","service":"portal-jogos-service","timestamp":"2026-01-12 01:50:36"}
{"level":"info","message":"GET /api/user-status","service":"portal-jogos-service","timestamp":"2026-01-12 01:50:36"}
{"level":"info","message":"GET /api/user-status","service":"portal-jogos-service","timestamp":"2026-01-12 01:50:36"}
{"level":"info","message":"GET /api/user-status","service":"portal-jogos-service","timestamp":"2026-01-12 01:50:45"}
{"level":"info","message":"GET /api/user-status","service":"portal-jogos-service","timestamp":"2026-01-12 01:50:45"}
{"level":"info","message":"GET /api/user-status","service":"portal-jogos-service","timestamp":"2026-01-12 01:50:45"}
{"level":"info","message":"POST /api/payment/create_preference","service":"portal-jogos-service","timestamp":"2026-01-12 01:50:51"}
{"level":"info","message":"SERVER.JS FILE IS EXECUTING","service":"portal-jogos-service","timestamp":"2026-01-12 01:53:24"}
{"level":"info","message":"Attempting to set up email service...","service":"portal-jogos-service","timestamp":"2026-01-12 01:53:25"}
{"level":"info","message":"Usando Postgres Session Store.","service":"portal-jogos-service","timestamp":"2026-01-12 01:53:33"}
{"level":"info","message":"Servidor rodando em http://localhost:3001","service":"portal-jogos-service","timestamp":"2026-01-12 01:53:33"}
{"level":"info","message":"Conectado ao banco de dados (production).","service":"portal-jogos-service","timestamp":"2026-01-12 01:53:34"}
{"level":"info","message":"GET /api/user-status","service":"portal-jogos-service","timestamp":"2026-01-12 01:54:58"}
{"level":"info","message":"GET /api/user-status","service":"portal-jogos-service","timestamp":"2026-01-12 01:54:59"}
{"level":"info","message":"POST /api/payment/create_preference","service":"portal-jogos-service","timestamp":"2026-01-12 01:55:27"}
{"level":"info","message":"SERVER.JS FILE IS EXECUTING","service":"portal-jogos-service","timestamp":"2026-01-12 02:10:04"}
{"level":"info","message":"Attempting to set up email service...","service":"portal-jogos-service","timestamp":"2026-01-12 02:10:05"}
{"level":"info","message":"Usando Postgres Session Store.","service":"portal-jogos-service","timestamp":"2026-01-12 02:10:07"}
{"level":"info","message":"Servidor rodando em http://localhost:3001","service":"portal-jogos-service","timestamp":"2026-01-12 02:10:07"}
{"level":"info","message":"Conectado ao banco de dados (production).","service":"portal-jogos-service","timestamp":"2026-01-12 02:10:08"}
{"level":"info","message":"Attempting to set up email service...","service":"portal-jogos-service","timestamp":"2026-01-21 15:05:29"}
{"level":"info","message":"Usando Postgres Session Store.","service":"portal-jogos-service","timestamp":"2026-01-21 15:05:29"}
{"level":"info","message":"Servidor rodando em http://localhost:3001","service":"portal-jogos-service","timestamp":"2026-01-21 15:05:29"}
{"level":"info","message":"Conectado ao banco de dados (production).","service":"portal-jogos-service","timestamp":"2026-01-21 15:05:30"}
{"level":"info","message":"GET /api/user-status","service":"portal-jogos-service","timestamp":"2026-01-21 15:05:33"}
{"level":"info","message":"GET /games.json","service":"portal-jogos-service","timestamp":"2026-01-21 15:05:33"}
{"level":"info","message":"GET /games.json","service":"portal-jogos-service","timestamp":"2026-01-21 15:08:06"}
{"level":"info","message":"GET /api/user-status","service":"portal-jogos-service","timestamp":"2026-01-21 15:08:06"}
{"level":"info","message":"OPTIONS /api/game-start","service":"portal-jogos-service","timestamp":"2026-01-21 15:08:06"}
{"level":"info","message":"POST /api/game-start","service":"portal-jogos-service","timestamp":"2026-01-21 15:08:06"}
{"level":"info","message":"GET /games.json","service":"portal-jogos-service","timestamp":"2026-01-21 15:08:06"}
{"level":"info","message":"POST /api/game-start","service":"portal-jogos-service","timestamp":"2026-01-21 15:08:06"}
{"level":"info","message":"POST /api/logout","service":"portal-jogos-service","timestamp":"2026-01-21 15:08:45"}
{"level":"info","message":"GET /api/user-status","service":"portal-jogos-service","timestamp":"2026-01-21 15:08:48"}
{"level":"info","message":"GET /games.json","service":"portal-jogos-service","timestamp":"2026-01-21 15:08:48"}
{"level":"info","message":"GET /api/user-status","service":"portal-jogos-service","timestamp":"2026-01-21 15:08:50"}
{"level":"info","message":"OPTIONS /api/login","service":"portal-jogos-service","timestamp":"2026-01-21 15:08:59"}
{"level":"info","message":"POST /api/login","service":"portal-jogos-service","timestamp":"2026-01-21 15:08:59"}
{"level":"info","message":"GET /api/user-status","service":"portal-jogos-service","timestamp":"2026-01-21 15:09:00"}
{"level":"info","message":"GET /games.json","service":"portal-jogos-service","timestamp":"2026-01-21 15:09:00"}
{"level":"info","message":"GET /games.json","service":"portal-jogos-service","timestamp":"2026-01-21 15:09:00"}
{"level":"info","message":"GET /api/user-status","service":"portal-jogos-service","timestamp":"2026-01-21 15:09:11"}
{"level":"info","message":"GET /games.json","service":"portal-jogos-service","timestamp":"2026-01-21 15:09:11"}
{"level":"info","message":"GET /games.json","service":"portal-jogos-service","timestamp":"2026-01-21 15:09:11"}
{"level":"info","message":"OPTIONS /api/game-start","service":"portal-jogos-service","timestamp":"2026-01-21 15:09:11"}
{"level":"info","message":"POST /api/game-start","service":"portal-jogos-service","timestamp":"2026-01-21 15:09:11"}
{"level":"info","message":"POST /api/game-start","service":"portal-jogos-service","timestamp":"2026-01-21 15:09:11"}
{"level":"info","message":"GET /api/user-status","service":"portal-jogos-service","timestamp":"2026-01-21 15:09:12"}
{"level":"info","message":"GET /api/user-status","service":"portal-jogos-service","timestamp":"2026-01-21 15:09:12"}
{"level":"info","message":"Attempting to set up email service...","service":"portal-jogos-service","timestamp":"2026-01-21 15:10:18"}
{"level":"info","message":"Usando Postgres Session Store.","service":"portal-jogos-service","timestamp":"2026-01-21 15:10:18"}
{"level":"info","message":"Servidor rodando em http://localhost:3001","service":"portal-jogos-service","timestamp":"2026-01-21 15:10:18"}
{"level":"info","message":"Conectado ao banco de dados (production).","service":"portal-jogos-service","timestamp":"2026-01-21 15:10:18"}
{"level":"info","message":"Attempting to set up email service...","service":"portal-jogos-service","timestamp":"2026-01-21 15:12:04"}
{"level":"info","message":"Usando Postgres Session Store.","service":"portal-jogos-service","timestamp":"2026-01-21 15:12:04"}
{"level":"info","message":"Servidor rodando em http://localhost:3001","service":"portal-jogos-service","timestamp":"2026-01-21 15:12:04"}
{"level":"info","message":"Conectado ao banco de dados (production).","service":"portal-jogos-service","timestamp":"2026-01-21 15:12:04"}
{"level":"info","message":"GET /api/user-status","service":"portal-jogos-service","timestamp":"2026-01-21 15:12:15"}
{"level":"info","message":"GET /games.json","service":"portal-jogos-service","timestamp":"2026-01-21 15:12:16"}
{"level":"info","message":"OPTIONS /api/game-start","service":"portal-jogos-service","timestamp":"2026-01-21 15:12:16"}
{"level":"info","message":"POST /api/game-start","service":"portal-jogos-service","timestamp":"2026-01-21 15:12:16"}
{"level":"info","message":"GET /api/user-status","service":"portal-jogos-service","timestamp":"2026-01-21 15:12:17"}
{"level":"info","message":"GET /api/user-status","service":"portal-jogos-service","timestamp":"2026-01-21 15:12:17"}
{"level":"info","message":"GET /api/user-status","service":"portal-jogos-service","timestamp":"2026-01-21 15:12:30"}
{"level":"info","message":"GET /games.json","service":"portal-jogos-service","timestamp":"2026-01-21 15:12:30"}
{"level":"info","message":"GET /games.json","service":"portal-jogos-service","timestamp":"2026-01-21 15:12:30"}
{"level":"info","message":"GET /","service":"portal-jogos-service","timestamp":"2026-01-21 15:12:38"}
{"level":"info","message":"GET /css/style.css","service":"portal-jogos-service","timestamp":"2026-01-21 15:12:38"}
{"level":"info","message":"GET /assets/imagens/Tela-cheia.webp","service":"portal-jogos-service","timestamp":"2026-01-21 15:12:38"}
{"level":"info","message":"GET /.well-known/appspecific/com.chrome.devtools.json","service":"portal-jogos-service","timestamp":"2026-01-21 15:12:39"}
{"level":"info","message":"GET /js/main.js","service":"portal-jogos-service","timestamp":"2026-01-21 15:12:39"}
{"level":"info","message":"GET /api/user-status","service":"portal-jogos-service","timestamp":"2026-01-21 15:12:39"}
{"level":"info","message":"GET /api/games/most-accessed","service":"portal-jogos-service","timestamp":"2026-01-21 15:12:40"}
{"level":"info","message":"GET /api/user/favorites","service":"portal-jogos-service","timestamp":"2026-01-21 15:12:40"}
{"level":"info","message":"GET /games.json","service":"portal-jogos-service","timestamp":"2026-01-21 15:12:40"}
{"level":"info","message":"GET /favicon.ico","service":"portal-jogos-service","timestamp":"2026-01-21 15:12:40"}
{"level":"info","message":"GET /assets/imagens/quiz.webp","service":"portal-jogos-service","timestamp":"2026-01-21 15:12:40"}
{"level":"info","message":"GET /games.json","service":"portal-jogos-service","timestamp":"2026-01-21 15:12:52"}
{"level":"info","message":"GET /api/user-status","service":"portal-jogos-service","timestamp":"2026-01-21 15:12:52"}
{"level":"info","message":"GET /api/user-status","service":"portal-jogos-service","timestamp":"2026-01-21 15:13:06"}
{"level":"info","message":"GET /games.json","service":"portal-jogos-service","timestamp":"2026-01-21 15:13:06"}
{"level":"info","message":"GET /api/user-status","service":"portal-jogos-service","timestamp":"2026-01-21 15:13:11"}
{"level":"info","message":"GET /games.json","service":"portal-jogos-service","timestamp":"2026-01-21 15:13:11"}
{"level":"info","message":"GET /games.json","service":"portal-jogos-service","timestamp":"2026-01-21 15:13:11"}
{"level":"info","message":"OPTIONS /api/game-start","service":"portal-jogos-service","timestamp":"2026-01-21 15:13:11"}
{"level":"info","message":"POST /api/game-start","service":"portal-jogos-service","timestamp":"2026-01-21 15:13:11"}
{"level":"info","message":"POST /api/game-start","service":"portal-jogos-service","timestamp":"2026-01-21 15:13:11"}
{"level":"info","message":"GET /api/user-status","service":"portal-jogos-service","timestamp":"2026-01-21 15:13:12"}
{"level":"info","message":"GET /api/user-status","service":"portal-jogos-service","timestamp":"2026-01-21 15:13:12"}
{"level":"info","message":"GET /api/user-status","service":"portal-jogos-service","timestamp":"2026-01-21 15:13:20"}
{"level":"info","message":"GET /games.json","service":"portal-jogos-service","timestamp":"2026-01-21 15:13:20"}
{"level":"info","message":"GET /games.json","service":"portal-jogos-service","timestamp":"2026-01-21 15:13:20"}
{"level":"info","message":"GET /api/user-status","service":"portal-jogos-service","timestamp":"2026-01-21 15:14:48"}
{"level":"info","message":"GET /games.json","service":"portal-jogos-service","timestamp":"2026-01-21 15:14:48"}
{"level":"info","message":"Conectado ao banco de dados (production).","service":"portal-jogos-service","timestamp":"2026-01-21 15:19:32"}
{"level":"info","message":"GET /api/user-status","service":"portal-jogos-service","timestamp":"2026-01-21 15:21:22"}
{"level":"info","message":"GET /games.json","service":"portal-jogos-service","timestamp":"2026-01-21 15:21:22"}
{"level":"info","message":"GET /api/user-status","service":"portal-jogos-service","timestamp":"2026-01-21 15:21:27"}
{"level":"info","message":"GET /games.json","service":"portal-jogos-service","timestamp":"2026-01-21 15:21:27"}
{"level":"info","message":"GET /games.json","service":"portal-jogos-service","timestamp":"2026-01-21 15:21:27"}
{"level":"info","message":"OPTIONS /api/game-start","service":"portal-jogos-service","timestamp":"2026-01-21 15:21:27"}
{"level":"info","message":"POST /api/game-start","service":"portal-jogos-service","timestamp":"2026-01-21 15:21:27"}
{"level":"info","message":"POST /api/game-start","service":"portal-jogos-service","timestamp":"2026-01-21 15:21:27"}
{"level":"info","message":"GET /api/user-status","service":"portal-jogos-service","timestamp":"2026-01-21 15:21:46"}
{"level":"info","message":"GET /games.json","service":"portal-jogos-service","timestamp":"2026-01-21 15:21:46"}
{"level":"info","message":"GET /games.json","service":"portal-jogos-service","timestamp":"2026-01-21 15:21:46"}
{"level":"info","message":"GET /api/user-status","service":"portal-jogos-service","timestamp":"2026-01-21 15:21:55"}
{"level":"info","message":"GET /games.json","service":"portal-jogos-service","timestamp":"2026-01-21 15:21:55"}
{"level":"info","message":"GET /api/user-status","service":"portal-jogos-service","timestamp":"2026-01-21 15:22:05"}
{"level":"info","message":"GET /games.json","service":"portal-jogos-service","timestamp":"2026-01-21 15:22:05"}
{"level":"info","message":"GET /games.json","service":"portal-jogos-service","timestamp":"2026-01-21 15:22:05"}
{"level":"info","message":"OPTIONS /api/game-start","service":"portal-jogos-service","timestamp":"2026-01-21 15:22:05"}
{"level":"info","message":"POST /api/game-start","service":"portal-jogos-service","timestamp":"2026-01-21 15:22:05"}
{"level":"info","message":"POST /api/game-start","service":"portal-jogos-service","timestamp":"2026-01-21 15:22:05"}
{"level":"info","message":"GET /api/user-status","service":"portal-jogos-service","timestamp":"2026-01-21 15:22:05"}
{"level":"info","message":"GET /api/user-status","service":"portal-jogos-service","timestamp":"2026-01-21 15:22:05"}
{"level":"info","message":"POST /api/logout","service":"portal-jogos-service","timestamp":"2026-01-21 15:22:08"}
{"level":"info","message":"GET /api/user-status","service":"portal-jogos-service","timestamp":"2026-01-21 15:22:12"}
{"level":"info","message":"GET /games.json","service":"portal-jogos-service","timestamp":"2026-01-21 15:22:12"}
{"level":"info","message":"GET /api/user-status","service":"portal-jogos-service","timestamp":"2026-01-21 15:22:18"}
{"level":"info","message":"OPTIONS /api/register","service":"portal-jogos-service","timestamp":"2026-01-21 15:22:36"}
{"level":"info","message":"POST /api/register","service":"portal-jogos-service","timestamp":"2026-01-21 15:22:36"}
{"level":"info","message":"GET /api/user-status","service":"portal-jogos-service","timestamp":"2026-01-21 15:22:41"}
{"level":"info","message":"OPTIONS /api/login","service":"portal-jogos-service","timestamp":"2026-01-21 15:22:49"}
{"level":"info","message":"POST /api/login","service":"portal-jogos-service","timestamp":"2026-01-21 15:22:49"}
{"level":"info","message":"GET /api/user-status","service":"portal-jogos-service","timestamp":"2026-01-21 15:22:50"}
{"level":"info","message":"GET /games.json","service":"portal-jogos-service","timestamp":"2026-01-21 15:22:50"}
{"level":"info","message":"GET /games.json","service":"portal-jogos-service","timestamp":"2026-01-21 15:22:50"}
{"level":"info","message":"GET /api/user-status","service":"portal-jogos-service","timestamp":"2026-01-21 15:22:55"}
{"level":"info","message":"GET /games.json","service":"portal-jogos-service","timestamp":"2026-01-21 15:22:55"}
{"level":"info","message":"GET /games.json","service":"portal-jogos-service","timestamp":"2026-01-21 15:22:55"}
{"level":"info","message":"OPTIONS /api/game-start","service":"portal-jogos-service","timestamp":"2026-01-21 15:22:55"}
{"level":"info","message":"POST /api/game-start","service":"portal-jogos-service","timestamp":"2026-01-21 15:22:55"}
{"level":"info","message":"POST /api/game-start","service":"portal-jogos-service","timestamp":"2026-01-21 15:22:55"}
{"level":"info","message":"GET /api/user-status","service":"portal-jogos-service","timestamp":"2026-01-21 15:26:30"}
{"level":"info","message":"GET /games.json","service":"portal-jogos-service","timestamp":"2026-01-21 15:26:30"}
{"level":"info","message":"GET /games.json","service":"portal-jogos-service","timestamp":"2026-01-21 15:26:30"}
{"level":"info","message":"GET /api/user-status","service":"portal-jogos-service","timestamp":"2026-01-21 15:26:39"}
{"level":"info","message":"GET /games.json","service":"portal-jogos-service","timestamp":"2026-01-21 15:26:39"}
{"level":"info","message":"OPTIONS /api/game-start","service":"portal-jogos-service","timestamp":"2026-01-21 15:26:39"}
{"level":"info","message":"GET /games.json","service":"portal-jogos-service","timestamp":"2026-01-21 15:26:39"}
{"level":"info","message":"POST /api/game-start","service":"portal-jogos-service","timestamp":"2026-01-21 15:26:39"}
{"level":"info","message":"POST /api/game-start","service":"portal-jogos-service","timestamp":"2026-01-21 15:26:39"}
{"level":"info","message":"GET /api/user-status","service":"portal-jogos-service","timestamp":"2026-01-21 15:26:39"}
{"level":"info","message":"GET /api/user-status","service":"portal-jogos-service","timestamp":"2026-01-21 15:26:39"}
{"level":"info","message":"GET /games.json","service":"portal-jogos-service","timestamp":"2026-01-21 15:27:34"}
{"level":"info","message":"GET /api/user-status","service":"portal-jogos-service","timestamp":"2026-01-21 15:27:34"}
{"level":"info","message":"OPTIONS /api/game-start","service":"portal-jogos-service","timestamp":"2026-01-21 15:27:34"}
{"level":"info","message":"POST /api/game-start","service":"portal-jogos-service","timestamp":"2026-01-21 15:27:35"}
{"level":"info","message":"GET /api/user-status","service":"portal-jogos-service","timestamp":"2026-01-21 15:27:40"}
{"level":"info","message":"GET /games.json","service":"portal-jogos-service","timestamp":"2026-01-21 15:27:40"}
{"level":"info","message":"GET /games.json","service":"portal-jogos-service","timestamp":"2026-01-21 15:27:40"}
{"level":"info","message":"GET /api/user-status","service":"portal-jogos-service","timestamp":"2026-01-21 15:27:44"}
{"level":"info","message":"GET /games.json","service":"portal-jogos-service","timestamp":"2026-01-21 15:27:44"}
{"level":"info","message":"GET /games.json","service":"portal-jogos-service","timestamp":"2026-01-21 15:27:44"}
{"level":"info","message":"OPTIONS /api/game-start","service":"portal-jogos-service","timestamp":"2026-01-21 15:27:44"}
{"level":"info","message":"POST /api/game-start","service":"portal-jogos-service","timestamp":"2026-01-21 15:27:44"}
{"level":"info","message":"POST /api/game-start","service":"portal-jogos-service","timestamp":"2026-01-21 15:27:44"}
{"level":"info","message":"GET /api/user-status","service":"portal-jogos-service","timestamp":"2026-01-21 15:27:54"}
{"level":"info","message":"GET /games.json","service":"portal-jogos-service","timestamp":"2026-01-21 15:27:54"}
{"level":"info","message":"GET /games.json","service":"portal-jogos-service","timestamp":"2026-01-21 15:27:54"}
{"level":"info","message":"GET /api/user-status","service":"portal-jogos-service","timestamp":"2026-01-21 15:27:57"}
{"level":"info","message":"GET /games.json","service":"portal-jogos-service","timestamp":"2026-01-21 15:27:57"}
{"level":"info","message":"GET /games.json","service":"portal-jogos-service","timestamp":"2026-01-21 15:27:57"}
{"level":"info","message":"OPTIONS /api/game-start","service":"portal-jogos-service","timestamp":"2026-01-21 15:27:57"}
{"level":"info","message":"POST /api/game-start","service":"portal-jogos-service","timestamp":"2026-01-21 15:27:57"}
{"level":"info","message":"POST /api/game-start","service":"portal-jogos-service","timestamp":"2026-01-21 15:27:57"}
{"level":"info","message":"GET /api/user-status","service":"portal-jogos-service","timestamp":"2026-01-21 15:28:02"}
{"level":"info","message":"GET /games.json","service":"portal-jogos-service","timestamp":"2026-01-21 15:28:02"}
{"level":"info","message":"GET /games.json","service":"portal-jogos-service","timestamp":"2026-01-21 15:28:02"}
{"level":"info","message":"GET /api/user-status","service":"portal-jogos-service","timestamp":"2026-01-21 15:28:06"}
{"level":"info","message":"GET /games.json","service":"portal-jogos-service","timestamp":"2026-01-21 15:28:06"}
{"level":"info","message":"GET /games.json","service":"portal-jogos-service","timestamp":"2026-01-21 15:28:07"}
{"level":"info","message":"OPTIONS /api/game-start","service":"portal-jogos-service","timestamp":"2026-01-21 15:28:07"}
{"level":"info","message":"POST /api/game-start","service":"portal-jogos-service","timestamp":"2026-01-21 15:28:07"}
{"level":"info","message":"POST /api/game-start","service":"portal-jogos-service","timestamp":"2026-01-21 15:28:07"}
{"level":"info","message":"GET /api/user-status","service":"portal-jogos-service","timestamp":"2026-01-21 15:28:25"}
{"level":"info","message":"GET /games.json","service":"portal-jogos-service","timestamp":"2026-01-21 15:28:25"}
{"level":"info","message":"GET /games.json","service":"portal-jogos-service","timestamp":"2026-01-21 15:28:25"}
{"level":"info","message":"POST /api/logout","service":"portal-jogos-service","timestamp":"2026-01-21 15:31:54"}
{"level":"info","message":"GET /api/user-status","service":"portal-jogos-service","timestamp":"2026-01-21 15:31:56"}
{"level":"info","message":"GET /games.json","service":"portal-jogos-service","timestamp":"2026-01-21 15:31:56"}
{"level":"info","message":"GET /api/user-status","service":"portal-jogos-service","timestamp":"2026-01-21 15:31:57"}
{"level":"info","message":"OPTIONS /api/login","service":"portal-jogos-service","timestamp":"2026-01-21 15:32:06"}
{"level":"info","message":"POST /api/login","service":"portal-jogos-service","timestamp":"2026-01-21 15:32:06"}
{"level":"info","message":"OPTIONS /api/login","service":"portal-jogos-service","timestamp":"2026-01-21 15:32:21"}
{"level":"info","message":"POST /api/login","service":"portal-jogos-service","timestamp":"2026-01-21 15:32:21"}
{"level":"info","message":"GET /api/user-status","service":"portal-jogos-service","timestamp":"2026-01-21 15:32:22"}
{"level":"info","message":"GET /games.json","service":"portal-jogos-service","timestamp":"2026-01-21 15:32:22"}
{"level":"info","message":"GET /games.json","service":"portal-jogos-service","timestamp":"2026-01-21 15:32:22"}
{"level":"info","message":"GET /api/user-status","service":"portal-jogos-service","timestamp":"2026-01-21 15:32:26"}
{"level":"info","message":"GET /games.json","service":"portal-jogos-service","timestamp":"2026-01-21 15:32:26"}
{"level":"info","message":"GET /games.json","service":"portal-jogos-service","timestamp":"2026-01-21 15:32:26"}
{"level":"info","message":"OPTIONS /api/game-start","service":"portal-jogos-service","timestamp":"2026-01-21 15:32:26"}
{"level":"info","message":"POST /api/game-start","service":"portal-jogos-service","timestamp":"2026-01-21 15:32:26"}
{"level":"info","message":"POST /api/game-start","service":"portal-jogos-service","timestamp":"2026-01-21 15:32:26"}
{"level":"info","message":"GET /api/user-status","service":"portal-jogos-service","timestamp":"2026-01-21 15:32:26"}
{"level":"info","message":"GET /api/user-status","service":"portal-jogos-service","timestamp":"2026-01-21 15:32:27"}
{"level":"info","message":"GET /api/user-status","service":"portal-jogos-service","timestamp":"2026-01-21 15:32:32"}
{"level":"info","message":"GET /api/user-status","service":"portal-jogos-service","timestamp":"2026-01-21 15:32:32"}
{"level":"info","message":"GET /api/user-status","service":"portal-jogos-service","timestamp":"2026-01-21 15:32:32"}
{"level":"info","message":"OPTIONS /api/payment/create_preference","service":"portal-jogos-service","timestamp":"2026-01-21 15:32:38"}
{"level":"info","message":"POST /api/payment/create_preference","service":"portal-jogos-service","timestamp":"2026-01-21 15:32:38"}
{"level":"info","message":"GET /api/user-status","service":"portal-jogos-service","timestamp":"2026-01-21 15:33:14"}
{"level":"info","message":"GET /api/user-status","service":"portal-jogos-service","timestamp":"2026-01-21 15:33:15"}
{"level":"info","message":"GET /api/user-status","service":"portal-jogos-service","timestamp":"2026-01-21 16:09:01"}
{"level":"info","message":"GET /games.json","service":"portal-jogos-service","timestamp":"2026-01-21 16:09:01"}
{"level":"info","message":"GET /games.json","service":"portal-jogos-service","timestamp":"2026-01-21 16:09:01"}
{"level":"info","message":"GET /api/user-status","service":"portal-jogos-service","timestamp":"2026-01-21 16:09:06"}
{"level":"info","message":"GET /games.json","service":"portal-jogos-service","timestamp":"2026-01-21 16:09:06"}
{"level":"info","message":"GET /games.json","service":"portal-jogos-service","timestamp":"2026-01-21 16:09:06"}
{"level":"info","message":"OPTIONS /api/game-start","service":"portal-jogos-service","timestamp":"2026-01-21 16:09:06"}
{"level":"info","message":"POST /api/game-start","service":"portal-jogos-service","timestamp":"2026-01-21 16:09:06"}
{"level":"info","message":"POST /api/game-start","service":"portal-jogos-service","timestamp":"2026-01-21 16:09:06"}
{"level":"info","message":"GET /api/user-status","service":"portal-jogos-service","timestamp":"2026-01-21 16:09:06"}
{"level":"info","message":"GET /api/user-status","service":"portal-jogos-service","timestamp":"2026-01-21 16:09:06"}
{"level":"info","message":"GET /api/user-status","service":"portal-jogos-service","timestamp":"2026-01-21 16:09:28"}
{"level":"info","message":"GET /api/user-status","service":"portal-jogos-service","timestamp":"2026-01-21 16:09:28"}
{"level":"info","message":"GET /api/user-status","service":"portal-jogos-service","timestamp":"2026-01-21 16:09:28"}
{"level":"info","message":"OPTIONS /api/payment/create_preference","service":"portal-jogos-service","timestamp":"2026-01-21 16:09:40"}
{"level":"info","message":"POST /api/payment/create_preference","service":"portal-jogos-service","timestamp":"2026-01-21 16:09:40"}
{"level":"info","message":"GET /api/user-status","service":"portal-jogos-service","timestamp":"2026-01-21 16:10:16"}
{"level":"info","message":"GET /api/user-status","service":"portal-jogos-service","timestamp":"2026-01-21 16:10:16"}
{"level":"info","message":"GET /api/user-status","service":"portal-jogos-service","timestamp":"2026-01-21 16:11:46"}
{"level":"info","message":"GET /games.json","service":"portal-jogos-service","timestamp":"2026-01-21 16:11:46"}
{"level":"info","message":"GET /games.json","service":"portal-jogos-service","timestamp":"2026-01-21 16:11:46"}
{"level":"info","message":"GET /api/user-status","service":"portal-jogos-service","timestamp":"2026-01-21 16:11:49"}
{"level":"info","message":"GET /games.json","service":"portal-jogos-service","timestamp":"2026-01-21 16:11:49"}
{"level":"info","message":"GET /games.json","service":"portal-jogos-service","timestamp":"2026-01-21 16:11:49"}
{"level":"info","message":"OPTIONS /api/game-start","service":"portal-jogos-service","timestamp":"2026-01-21 16:11:49"}
{"level":"info","message":"POST /api/game-start","service":"portal-jogos-service","timestamp":"2026-01-21 16:11:49"}
{"level":"info","message":"POST /api/game-start","service":"portal-jogos-service","timestamp":"2026-01-21 16:11:49"}
{"level":"info","message":"GET /api/user-status","service":"portal-jogos-service","timestamp":"2026-01-21 16:11:49"}
{"level":"info","message":"GET /api/user-status","service":"portal-jogos-service","timestamp":"2026-01-21 16:11:49"}
{"level":"info","message":"GET /api/user-status","service":"portal-jogos-service","timestamp":"2026-01-21 16:14:57"}
{"level":"info","message":"GET /api/user-status","service":"portal-jogos-service","timestamp":"2026-01-21 16:14:57"}
{"level":"info","message":"GET /api/user-status","service":"portal-jogos-service","timestamp":"2026-01-21 16:14:57"}
{"level":"info","message":"OPTIONS /api/payment/create_preference","service":"portal-jogos-service","timestamp":"2026-01-21 16:15:01"}
{"level":"info","message":"POST /api/payment/create_preference","service":"portal-jogos-service","timestamp":"2026-01-21 16:15:01"}
{"level":"info","message":"GET /api/user-status","service":"portal-jogos-service","timestamp":"2026-01-21 16:20:39"}
{"level":"info","message":"GET /api/user-status","service":"portal-jogos-service","timestamp":"2026-01-21 16:20:40"}
{"level":"info","message":"OPTIONS /api/payment/create_preference","service":"portal-jogos-service","timestamp":"2026-01-21 16:20:44"}
{"level":"info","message":"POST /api/payment/create_preference","service":"portal-jogos-service","timestamp":"2026-01-21 16:20:44"}
{"level":"info","message":"Attempting to set up email service...","service":"portal-jogos-service","timestamp":"2026-01-21 16:27:11"}
{"level":"info","message":"Usando Postgres Session Store.","service":"portal-jogos-service","timestamp":"2026-01-21 16:27:11"}
{"level":"info","message":"Servidor rodando em http://localhost:3001","service":"portal-jogos-service","timestamp":"2026-01-21 16:27:11"}
{"level":"info","message":"Conectado ao banco de dados (production).","service":"portal-jogos-service","timestamp":"2026-01-21 16:27:11"}
{"level":"info","message":"GET /api/user-status","service":"portal-jogos-service","timestamp":"2026-01-21 16:28:35"}
{"level":"info","message":"GET /api/user-status","service":"portal-jogos-service","timestamp":"2026-01-21 16:28:36"}
{"level":"info","message":"OPTIONS /api/payment/create_preference","service":"portal-jogos-service","timestamp":"2026-01-21 16:28:38"}
{"level":"info","message":"POST /api/payment/create_preference","service":"portal-jogos-service","timestamp":"2026-01-21 16:28:38"}
{"level":"info","message":"GET /api/user-status","service":"portal-jogos-service","timestamp":"2026-01-21 16:34:18"}
{"level":"info","message":"GET /api/user-status","service":"portal-jogos-service","timestamp":"2026-01-21 16:34:19"}
{"level":"info","message":"OPTIONS /api/payment/create_preference","service":"portal-jogos-service","timestamp":"2026-01-21 16:34:21"}
{"level":"info","message":"POST /api/payment/create_preference","service":"portal-jogos-service","timestamp":"2026-01-21 16:34:21"}
{"level":"info","message":"GET /api/user-status","service":"portal-jogos-service","timestamp":"2026-01-21 16:59:27"}
{"level":"info","message":"GET /api/user-status","service":"portal-jogos-service","timestamp":"2026-01-21 16:59:28"}
{"level":"info","message":"OPTIONS /api/payment/create-checkout-session","service":"portal-jogos-service","timestamp":"2026-01-21 16:59:31"}
{"level":"info","message":"POST /api/payment/create-checkout-session","service":"portal-jogos-service","timestamp":"2026-01-21 16:59:31"}
{"level":"info","message":"GET /api/user-status","service":"portal-jogos-service","timestamp":"2026-01-21 16:59:38"}
{"level":"info","message":"GET /games.json","service":"portal-jogos-service","timestamp":"2026-01-21 16:59:38"}
{"level":"info","message":"GET /games.json","service":"portal-jogos-service","timestamp":"2026-01-21 16:59:38"}
{"level":"info","message":"OPTIONS /api/game-start","service":"portal-jogos-service","timestamp":"2026-01-21 16:59:38"}
{"level":"info","message":"POST /api/game-start","service":"portal-jogos-service","timestamp":"2026-01-21 16:59:38"}
{"level":"info","message":"POST /api/game-start","service":"portal-jogos-service","timestamp":"2026-01-21 16:59:38"}
{"level":"info","message":"GET /api/user-status","service":"portal-jogos-service","timestamp":"2026-01-21 16:59:38"}
{"level":"info","message":"GET /api/user-status","service":"portal-jogos-service","timestamp":"2026-01-21 16:59:39"}
{"level":"info","message":"GET /api/user-status","service":"portal-jogos-service","timestamp":"2026-01-21 16:59:40"}
{"level":"info","message":"GET /games.json","service":"portal-jogos-service","timestamp":"2026-01-21 16:59:40"}
{"level":"info","message":"GET /games.json","service":"portal-jogos-service","timestamp":"2026-01-21 16:59:40"}
{"level":"info","message":"GET /api/user-status","service":"portal-jogos-service","timestamp":"2026-01-21 16:59:46"}
{"level":"info","message":"GET /games.json","service":"portal-jogos-service","timestamp":"2026-01-21 16:59:46"}
{"level":"info","message":"GET /api/user-status","service":"portal-jogos-service","timestamp":"2026-01-21 16:59:50"}
{"level":"info","message":"GET /games.json","service":"portal-jogos-service","timestamp":"2026-01-21 16:59:50"}
{"level":"info","message":"GET /games.json","service":"portal-jogos-service","timestamp":"2026-01-21 16:59:50"}
{"level":"info","message":"OPTIONS /api/game-start","service":"portal-jogos-service","timestamp":"2026-01-21 16:59:50"}
{"level":"info","message":"POST /api/game-start","service":"portal-jogos-service","timestamp":"2026-01-21 16:59:50"}
{"level":"info","message":"POST /api/game-start","service":"portal-jogos-service","timestamp":"2026-01-21 16:59:50"}
{"level":"info","message":"GET /api/user-status","service":"portal-jogos-service","timestamp":"2026-01-21 16:59:51"}
{"level":"info","message":"GET /api/user-status","service":"portal-jogos-service","timestamp":"2026-01-21 16:59:51"}
{"level":"info","message":"GET /api/user-status","service":"portal-jogos-service","timestamp":"2026-01-21 16:59:54"}
{"level":"info","message":"GET /api/user-status","service":"portal-jogos-service","timestamp":"2026-01-21 16:59:54"}
{"level":"info","message":"GET /api/user-status","service":"portal-jogos-service","timestamp":"2026-01-21 16:59:54"}
{"level":"info","message":"OPTIONS /api/payment/create-checkout-session","service":"portal-jogos-service","timestamp":"2026-01-21 16:59:56"}
{"level":"info","message":"POST /api/payment/create-checkout-session","service":"portal-jogos-service","timestamp":"2026-01-21 16:59:56"}
{"level":"info","message":"OPTIONS /api/payment/create-checkout-session","service":"portal-jogos-service","timestamp":"2026-01-21 17:31:32"}
{"level":"info","message":"POST /api/payment/create-checkout-session","service":"portal-jogos-service","timestamp":"2026-01-21 17:31:32"}
{"level":"info","message":"Attempting to set up email service...","service":"portal-jogos-service","timestamp":"2026-01-21 18:19:57"}
{"level":"info","message":"Usando Postgres Session Store.","service":"portal-jogos-service","timestamp":"2026-01-21 18:19:57"}
{"level":"info","message":"Servidor rodando em http://localhost:3001","service":"portal-jogos-service","timestamp":"2026-01-21 18:19:57"}
{"level":"info","message":"Conectado ao banco de dados (production).","service":"portal-jogos-service","timestamp":"2026-01-21 18:19:57"}
{"level":"info","message":"GET /api/user-status","service":"portal-jogos-service","timestamp":"2026-01-21 18:20:17"}
{"level":"info","message":"GET /games.json","service":"portal-jogos-service","timestamp":"2026-01-21 18:20:17"}
{"level":"info","message":"GET /games.json","service":"portal-jogos-service","timestamp":"2026-01-21 18:20:18"}
{"level":"info","message":"OPTIONS /api/game-start","service":"portal-jogos-service","timestamp":"2026-01-21 18:20:18"}
{"level":"info","message":"POST /api/game-start","service":"portal-jogos-service","timestamp":"2026-01-21 18:20:18"}
{"level":"info","message":"POST /api/game-start","service":"portal-jogos-service","timestamp":"2026-01-21 18:20:18"}
{"level":"info","message":"GET /api/user-status","service":"portal-jogos-service","timestamp":"2026-01-21 18:20:18"}
{"level":"info","message":"GET /api/user-status","service":"portal-jogos-service","timestamp":"2026-01-21 18:20:19"}
{"level":"info","message":"GET /api/user-status","service":"portal-jogos-service","timestamp":"2026-01-21 18:20:20"}
{"level":"info","message":"GET /games.json","service":"portal-jogos-service","timestamp":"2026-01-21 18:20:20"}
{"level":"info","message":"GET /games.json","service":"portal-jogos-service","timestamp":"2026-01-21 18:20:20"}
{"level":"info","message":"GET /api/user-status","service":"portal-jogos-service","timestamp":"2026-01-21 18:20:31"}
{"level":"info","message":"GET /games.json","service":"portal-jogos-service","timestamp":"2026-01-21 18:20:31"}
{"level":"info","message":"GET /api/user-status","service":"portal-jogos-service","timestamp":"2026-01-21 18:20:37"}
{"level":"info","message":"GET /games.json","service":"portal-jogos-service","timestamp":"2026-01-21 18:20:37"}
{"level":"info","message":"GET /games.json","service":"portal-jogos-service","timestamp":"2026-01-21 18:20:37"}
{"level":"info","message":"OPTIONS /api/game-start","service":"portal-jogos-service","timestamp":"2026-01-21 18:20:38"}
{"level":"info","message":"POST /api/game-start","service":"portal-jogos-service","timestamp":"2026-01-21 18:20:38"}
{"level":"info","message":"POST /api/game-start","service":"portal-jogos-service","timestamp":"2026-01-21 18:20:38"}
{"level":"info","message":"GET /api/user-status","service":"portal-jogos-service","timestamp":"2026-01-21 18:20:38"}
{"level":"info","message":"GET /api/user-status","service":"portal-jogos-service","timestamp":"2026-01-21 18:20:38"}
{"level":"info","message":"GET /api/user-status","service":"portal-jogos-service","timestamp":"2026-01-21 18:20:41"}
{"level":"info","message":"GET /api/user-status","service":"portal-jogos-service","timestamp":"2026-01-21 18:20:41"}
{"level":"info","message":"GET /api/user-status","service":"portal-jogos-service","timestamp":"2026-01-21 18:20:42"}
{"level":"info","message":"OPTIONS /api/payment/create-checkout-session","service":"portal-jogos-service","timestamp":"2026-01-21 18:20:45"}
{"level":"info","message":"POST /api/payment/create-checkout-session","service":"portal-jogos-service","timestamp":"2026-01-21 18:20:45"}
{"level":"info","message":"GET /api/user-status","service":"portal-jogos-service","timestamp":"2026-01-22 13:01:53"}
{"level":"info","message":"GET /api/user-status","service":"portal-jogos-service","timestamp":"2026-01-22 13:01:54"}
{"level":"info","message":"OPTIONS /api/payment/create-checkout-session","service":"portal-jogos-service","timestamp":"2026-01-22 13:01:57"}
{"level":"info","message":"POST /api/payment/create-checkout-session","service":"portal-jogos-service","timestamp":"2026-01-22 13:01:57"}
{"level":"info","message":"Attempting to set up email service...","service":"portal-jogos-service","timestamp":"2026-01-22 13:09:18"}
{"level":"info","message":"Usando Postgres Session Store.","service":"portal-jogos-service","timestamp":"2026-01-22 13:09:18"}
{"level":"info","message":"Servidor rodando em http://localhost:3001","service":"portal-jogos-service","timestamp":"2026-01-22 13:09:18"}
{"level":"info","message":"Conectado ao banco de dados (production).","service":"portal-jogos-service","timestamp":"2026-01-22 13:09:19"}
{"level":"info","message":"GET /api/user-status","service":"portal-jogos-service","timestamp":"2026-01-22 13:10:53"}
{"level":"info","message":"GET /api/user-status","service":"portal-jogos-service","timestamp":"2026-01-22 13:10:54"}
{"level":"info","message":"OPTIONS /api/payment/create-checkout-session","service":"portal-jogos-service","timestamp":"2026-01-22 13:11:01"}
{"level":"info","message":"POST /api/payment/create-checkout-session","service":"portal-jogos-service","timestamp":"2026-01-22 13:11:01"}
{"level":"info","message":"Attempting to set up email service...","service":"portal-jogos-service","timestamp":"2026-01-23 09:07:41"}
{"level":"info","message":"Usando Postgres Session Store.","service":"portal-jogos-service","timestamp":"2026-01-23 09:07:41"}
{"level":"info","message":"Servidor rodando em http://localhost:3001","service":"portal-jogos-service","timestamp":"2026-01-23 09:07:41"}
{"level":"info","message":"Conectado ao banco de dados (production).","service":"portal-jogos-service","timestamp":"2026-01-23 09:07:41"}
{"level":"info","message":"GET /api/user-status","service":"portal-jogos-service","timestamp":"2026-01-23 09:08:10"}
{"level":"info","message":"GET /games.json","service":"portal-jogos-service","timestamp":"2026-01-23 09:08:10"}
{"level":"info","message":"GET /","service":"portal-jogos-service","timestamp":"2026-01-23 09:09:06"}
{"level":"info","message":"GET /css/style.css","service":"portal-jogos-service","timestamp":"2026-01-23 09:09:07"}
{"level":"info","message":"GET /assets/imagens/Tela-cheia.webp","service":"portal-jogos-service","timestamp":"2026-01-23 09:09:07"}
{"level":"info","message":"GET /js/main.js","service":"portal-jogos-service","timestamp":"2026-01-23 09:09:07"}
{"level":"info","message":"GET /api/user-status","service":"portal-jogos-service","timestamp":"2026-01-23 09:09:07"}
{"level":"info","message":"GET /api/games/most-accessed","service":"portal-jogos-service","timestamp":"2026-01-23 09:09:08"}
{"level":"info","message":"GET /api/user/favorites","service":"portal-jogos-service","timestamp":"2026-01-23 09:09:08"}
{"level":"info","message":"GET /games.json","service":"portal-jogos-service","timestamp":"2026-01-23 09:09:08"}
{"level":"info","message":"GET /favicon.ico","service":"portal-jogos-service","timestamp":"2026-01-23 09:09:08"}
{"level":"info","message":"GET /assets/imagens/quiz.webp","service":"portal-jogos-service","timestamp":"2026-01-23 09:09:08"}
{"level":"info","message":"Attempting to set up email service...","service":"portal-jogos-service","timestamp":"2026-01-23 09:18:17"}
{"level":"info","message":"Usando Postgres Session Store.","service":"portal-jogos-service","timestamp":"2026-01-23 09:18:17"}
{"level":"info","message":"Servidor rodando em http://localhost:3001","service":"portal-jogos-service","timestamp":"2026-01-23 09:18:17"}
{"level":"info","message":"Conectado ao banco de dados (production).","service":"portal-jogos-service","timestamp":"2026-01-23 09:18:17"}
{"level":"info","message":"GET /","service":"portal-jogos-service","timestamp":"2026-01-23 09:18:26"}
{"level":"info","message":"GET /api/user-status","service":"portal-jogos-service","timestamp":"2026-01-23 09:18:37"}
{"level":"info","message":"GET /games.json","service":"portal-jogos-service","timestamp":"2026-01-23 09:18:37"}
{"level":"info","message":"Attempting to set up email service...","service":"portal-jogos-service","timestamp":"2026-01-23 11:50:04"}
{"level":"info","message":"Usando Postgres Session Store.","service":"portal-jogos-service","timestamp":"2026-01-23 11:50:04"}
{"level":"info","message":"Servidor rodando em http://localhost:3001","service":"portal-jogos-service","timestamp":"2026-01-23 11:50:05"}
{"level":"info","message":"Conectado ao banco de dados (production).","service":"portal-jogos-service","timestamp":"2026-01-23 11:50:05"}
{"level":"info","message":"GET /api/user-status","service":"portal-jogos-service","timestamp":"2026-01-23 11:50:54"}
{"level":"info","message":"GET /games.json","service":"portal-jogos-service","timestamp":"2026-01-23 11:50:54"}
{"level":"info","message":"GET /games.json","service":"portal-jogos-service","timestamp":"2026-01-23 11:55:13"}
{"level":"info","message":"GET /api/user-status","service":"portal-jogos-service","timestamp":"2026-01-23 11:55:13"}
{"level":"info","message":"GET /games.json","service":"portal-jogos-service","timestamp":"2026-01-23 11:55:14"}
{"level":"info","message":"OPTIONS /api/game-start","service":"portal-jogos-service","timestamp":"2026-01-23 11:55:14"}
{"level":"info","message":"POST /api/game-start","service":"portal-jogos-service","timestamp":"2026-01-23 11:55:14"}
{"level":"info","message":"POST /api/game-start","service":"portal-jogos-service","timestamp":"2026-01-23 11:55:14"}
{"level":"info","message":"GET /api/user-status","service":"portal-jogos-service","timestamp":"2026-01-23 11:55:20"}
{"level":"info","message":"GET /games.json","service":"portal-jogos-service","timestamp":"2026-01-23 11:55:20"}
{"level":"info","message":"GET /games.json","service":"portal-jogos-service","timestamp":"2026-01-23 11:55:20"}
{"level":"info","message":"GET /api/user-status","service":"portal-jogos-service","timestamp":"2026-01-23 11:55:25"}
{"level":"info","message":"GET /games.json","service":"portal-jogos-service","timestamp":"2026-01-23 11:55:25"}
{"level":"info","message":"GET /games.json","service":"portal-jogos-service","timestamp":"2026-01-23 11:55:25"}
{"level":"info","message":"OPTIONS /api/game-start","service":"portal-jogos-service","timestamp":"2026-01-23 11:55:25"}
{"level":"info","message":"POST /api/game-start","service":"portal-jogos-service","timestamp":"2026-01-23 11:55:25"}
{"level":"info","message":"POST /api/game-start","service":"portal-jogos-service","timestamp":"2026-01-23 11:55:25"}
{"level":"info","message":"GET /api/user-status","service":"portal-jogos-service","timestamp":"2026-01-23 11:55:25"}
{"level":"info","message":"GET /api/user-status","service":"portal-jogos-service","timestamp":"2026-01-23 11:55:25"}
{"level":"info","message":"GET /api/user-status","service":"portal-jogos-service","timestamp":"2026-01-23 11:55:33"}
{"level":"info","message":"GET /api/user-status","service":"portal-jogos-service","timestamp":"2026-01-23 11:55:33"}
{"level":"info","message":"GET /api/user-status","service":"portal-jogos-service","timestamp":"2026-01-23 11:55:33"}
{"level":"info","message":"OPTIONS /api/payment/create-checkout-session","service":"portal-jogos-service","timestamp":"2026-01-23 11:55:35"}
{"level":"info","message":"POST /api/payment/create-checkout-session","service":"portal-jogos-service","timestamp":"2026-01-23 11:55:35"}
{"level":"info","message":"GET /api/user-status","service":"portal-jogos-service","timestamp":"2026-01-23 11:55:49"}
{"level":"info","message":"GET /api/user-status","service":"portal-jogos-service","timestamp":"2026-01-23 11:55:49"}
{"level":"info","message":"GET /api/user-status","service":"portal-jogos-service","timestamp":"2026-01-23 11:55:52"}
{"level":"info","message":"GET /games.json","service":"portal-jogos-service","timestamp":"2026-01-23 11:55:52"}
{"level":"info","message":"GET /games.json","service":"portal-jogos-service","timestamp":"2026-01-23 11:55:52"}
{"level":"info","message":"GET /api/user-status","service":"portal-jogos-service","timestamp":"2026-01-23 13:11:02"}
{"level":"info","message":"GET /games.json","service":"portal-jogos-service","timestamp":"2026-01-23 13:11:02"}
{"level":"info","message":"GET /games.json","service":"portal-jogos-service","timestamp":"2026-01-23 13:11:02"}
{"level":"info","message":"GET /api/user-status","service":"portal-jogos-service","timestamp":"2026-01-23 13:11:03"}
{"level":"info","message":"GET /api/user-status","service":"portal-jogos-service","timestamp":"2026-01-23 13:12:24"}
{"level":"info","message":"GET /games.json","service":"portal-jogos-service","timestamp":"2026-01-23 13:12:24"}
{"level":"info","message":"Attempting to set up email service...","service":"portal-jogos-service","timestamp":"2026-01-23 13:12:48"}
{"level":"info","message":"Usando Postgres Session Store.","service":"portal-jogos-service","timestamp":"2026-01-23 13:12:48"}
{"level":"info","message":"Servidor rodando em http://localhost:3001","service":"portal-jogos-service","timestamp":"2026-01-23 13:12:48"}
{"level":"info","message":"Conectado ao banco de dados (production).","service":"portal-jogos-service","timestamp":"2026-01-23 13:12:49"}
{"level":"info","message":"GET /api/user-status","service":"portal-jogos-service","timestamp":"2026-01-23 13:12:57"}
{"level":"info","message":"GET /games.json","service":"portal-jogos-service","timestamp":"2026-01-23 13:12:57"}
{"level":"info","message":"GET /api/user-status","service":"portal-jogos-service","timestamp":"2026-01-23 13:13:51"}
{"level":"info","message":"GET /games.json","service":"portal-jogos-service","timestamp":"2026-01-23 13:13:51"}
{"level":"info","message":"GET /api/user-status","service":"portal-jogos-service","timestamp":"2026-01-23 13:13:57"}
{"level":"info","message":"GET /games.json","service":"portal-jogos-service","timestamp":"2026-01-23 13:13:57"}
{"level":"info","message":"GET /games.json","service":"portal-jogos-service","timestamp":"2026-01-23 13:13:57"}
{"level":"info","message":"OPTIONS /api/game-start","service":"portal-jogos-service","timestamp":"2026-01-23 13:13:57"}
{"level":"info","message":"POST /api/game-start","service":"portal-jogos-service","timestamp":"2026-01-23 13:13:57"}
{"level":"info","message":"POST /api/game-start","service":"portal-jogos-service","timestamp":"2026-01-23 13:13:57"}
{"level":"info","message":"GET /api/user-status","service":"portal-jogos-service","timestamp":"2026-01-23 13:13:58"}
{"level":"info","message":"GET /api/user-status","service":"portal-jogos-service","timestamp":"2026-01-23 13:13:58"}
{"level":"info","message":"GET /games.json","service":"portal-jogos-service","timestamp":"2026-01-24 07:19:41"}
{"level":"info","message":"GET /api/user-status","service":"portal-jogos-service","timestamp":"2026-01-24 07:19:41"}
{"level":"info","message":"OPTIONS /api/game-start","service":"portal-jogos-service","timestamp":"2026-01-24 07:19:41"}
{"level":"info","message":"POST /api/game-start","service":"portal-jogos-service","timestamp":"2026-01-24 07:19:41"}
{"level":"info","message":"Attempting to set up email service...","service":"portal-jogos-service","timestamp":"2026-01-24 07:28:38"}
{"level":"info","message":"Usando Postgres Session Store.","service":"portal-jogos-service","timestamp":"2026-01-24 07:28:38"}
{"level":"info","message":"Servidor rodando em http://localhost:3001","service":"portal-jogos-service","timestamp":"2026-01-24 07:28:38"}
{"level":"error","message":"Falha ao conectar ao banco de dados: Knex: Timeout acquiring a connection. The pool is probably full. Are you missing a .transacting(trx) call?","name":"KnexTimeoutError","service":"portal-jogos-service","sql":"SELECT 1","stack":"KnexTimeoutError: Knex: Timeout acquiring a connection. The pool is probably full. Are you missing a .transacting(trx) call?\n    at Client_PG.acquireConnection (E:\\meu-portal-de-jogos - backup\\node_modules\\knex\\lib\\client.js:332:26)\n    at async Runner.ensureConnection (E:\\meu-portal-de-jogos - backup\\node_modules\\knex\\lib\\execution\\runner.js:305:28)\n    at async Runner.run (E:\\meu-portal-de-jogos - backup\\node_modules\\knex\\lib\\execution\\runner.js:30:19)","timestamp":"2026-01-24 07:28:38"}
{"level":"info","message":"GET /api/user-status","service":"portal-jogos-service","timestamp":"2026-01-24 07:29:08"}
{"level":"info","message":"GET /games.json","service":"portal-jogos-service","timestamp":"2026-01-24 07:29:08"}
{"level":"info","message":"POST /api/logout","service":"portal-jogos-service","timestamp":"2026-01-24 07:29:11"}
{"level":"info","message":"GET /api/user-status","service":"portal-jogos-service","timestamp":"2026-01-24 07:29:13"}
{"level":"info","message":"GET /games.json","service":"portal-jogos-service","timestamp":"2026-01-24 07:29:13"}
{"level":"info","message":"GET /api/user-status","service":"portal-jogos-service","timestamp":"2026-01-24 07:29:19"}
{"level":"info","message":"OPTIONS /api/login","service":"portal-jogos-service","timestamp":"2026-01-24 07:29:27"}
{"level":"info","message":"POST /api/login","service":"portal-jogos-service","timestamp":"2026-01-24 07:29:28"}
{"level":"info","message":"GET /api/user-status","service":"portal-jogos-service","timestamp":"2026-01-24 07:29:29"}
{"level":"info","message":"GET /games.json","service":"portal-jogos-service","timestamp":"2026-01-24 07:29:29"}
{"level":"info","message":"GET /games.json","service":"portal-jogos-service","timestamp":"2026-01-24 07:29:29"}
{"level":"info","message":"POST /api/logout","service":"portal-jogos-service","timestamp":"2026-01-24 07:29:34"}
{"level":"info","message":"GET /api/user-status","service":"portal-jogos-service","timestamp":"2026-01-24 07:29:36"}
{"level":"info","message":"GET /games.json","service":"portal-jogos-service","timestamp":"2026-01-24 07:29:36"}
{"level":"info","message":"GET /api/user-status","service":"portal-jogos-service","timestamp":"2026-01-24 07:29:39"}
{"level":"info","message":"OPTIONS /api/register","service":"portal-jogos-service","timestamp":"2026-01-24 07:30:22"}
{"level":"info","message":"POST /api/register","service":"portal-jogos-service","timestamp":"2026-01-24 07:30:22"}
{"level":"info","message":"GET /api/user-status","service":"portal-jogos-service","timestamp":"2026-01-24 07:30:28"}
{"level":"info","message":"OPTIONS /api/login","service":"portal-jogos-service","timestamp":"2026-01-24 07:31:16"}
{"level":"info","message":"POST /api/login","service":"portal-jogos-service","timestamp":"2026-01-24 07:31:16"}
{"level":"info","message":"GET /api/user-status","service":"portal-jogos-service","timestamp":"2026-01-24 07:31:17"}
{"level":"info","message":"GET /games.json","service":"portal-jogos-service","timestamp":"2026-01-24 07:31:17"}
{"level":"info","message":"GET /games.json","service":"portal-jogos-service","timestamp":"2026-01-24 07:31:17"}
{"level":"info","message":"Attempting to set up email service...","service":"portal-jogos-service","timestamp":"2026-01-25 22:45:09"}
{"level":"info","message":"Usando Postgres Session Store.","service":"portal-jogos-service","timestamp":"2026-01-25 22:45:09"}
{"level":"info","message":"Servidor rodando em http://localhost:3001","service":"portal-jogos-service","timestamp":"2026-01-25 22:45:09"}
{"level":"info","message":"Conectado ao banco de dados (production).","service":"portal-jogos-service","timestamp":"2026-01-25 22:45:09"}
{"level":"info","message":"GET /api/user-status","service":"portal-jogos-service","timestamp":"2026-01-25 22:45:58"}
{"level":"info","message":"GET /games.json","service":"portal-jogos-service","timestamp":"2026-01-25 22:45:58"}
{"level":"info","message":"POST /api/logout","service":"portal-jogos-service","timestamp":"2026-01-25 22:46:19"}
{"level":"info","message":"GET /api/user-status","service":"portal-jogos-service","timestamp":"2026-01-25 22:46:21"}
{"level":"info","message":"GET /games.json","service":"portal-jogos-service","timestamp":"2026-01-25 22:46:21"}
{"level":"info","message":"GET /api/user-status","service":"portal-jogos-service","timestamp":"2026-01-25 22:46:24"}
{"level":"info","message":"GET /api/user-status","service":"portal-jogos-service","timestamp":"2026-01-26 06:31:26"}
{"level":"info","message":"GET /games.json","service":"portal-jogos-service","timestamp":"2026-01-26 06:31:26"}
{"level":"info","message":"GET /api/user-status","service":"portal-jogos-service","timestamp":"2026-01-26 06:31:28"}
{"level":"info","message":"OPTIONS /api/login","service":"portal-jogos-service","timestamp":"2026-01-26 06:31:33"}
{"level":"info","message":"POST /api/login","service":"portal-jogos-service","timestamp":"2026-01-26 06:31:33"}
{"level":"info","message":"GET /api/user-status","service":"portal-jogos-service","timestamp":"2026-01-26 06:31:35"}
{"level":"info","message":"GET /games.json","service":"portal-jogos-service","timestamp":"2026-01-26 06:31:35"}
{"level":"info","message":"GET /games.json","service":"portal-jogos-service","timestamp":"2026-01-26 06:31:35"}
{"level":"info","message":"Attempting to set up email service...","service":"portal-jogos-service","timestamp":"2026-01-26 13:43:48"}
{"level":"info","message":"Usando Postgres Session Store.","service":"portal-jogos-service","timestamp":"2026-01-26 13:43:48"}
{"level":"info","message":"GET /api/games/most-accessed","service":"portal-jogos-service","timestamp":"2026-01-26 13:43:48"}
{"level":"info","message":"GET /api/route-that-does-not-exist","service":"portal-jogos-service","timestamp":"2026-01-26 13:43:48"}
{"level":"error","message":"Falha ao conectar ao banco de dados: aborted","service":"portal-jogos-service","stack":"Error: aborted\n    at PendingOperation.abort (E:\\meu-portal-de-jogos - backup\\node_modules\\tarn\\dist\\PendingOperation.js:25:21)\n    at E:\\meu-portal-de-jogos - backup\\node_modules\\tarn\\dist\\Pool.js:208:25\n    at Array.map (<anonymous>)\n    at E:\\meu-portal-de-jogos - backup\\node_modules\\tarn\\dist\\Pool.js:207:53\n    at processTicksAndRejections (node:internal/process/task_queues:103:5)\n    at Client_PG.destroy (E:\\meu-portal-de-jogos - backup\\node_modules\\knex\\lib\\client.js:358:9)\n    at Object.<anonymous> (E:\\meu-portal-de-jogos - backup\\tests\\integration\\public-routes.test.js:8:9)","timestamp":"2026-01-26 13:43:48"}
{"level":"info","message":"Attempting to set up email service...","service":"portal-jogos-service","timestamp":"2026-01-26 13:44:34"}
{"level":"info","message":"Usando Postgres Session Store.","service":"portal-jogos-service","timestamp":"2026-01-26 13:44:34"}
{"level":"info","message":"GET /api/games/most-accessed","service":"portal-jogos-service","timestamp":"2026-01-26 13:44:34"}
{"level":"info","message":"GET /api/route-that-does-not-exist","service":"portal-jogos-service","timestamp":"2026-01-26 13:44:34"}
{"level":"error","message":"Falha ao conectar ao banco de dados: aborted","service":"portal-jogos-service","stack":"Error: aborted\n    at PendingOperation.abort (E:\\meu-portal-de-jogos - backup\\node_modules\\tarn\\dist\\PendingOperation.js:25:21)\n    at E:\\meu-portal-de-jogos - backup\\node_modules\\tarn\\dist\\Pool.js:208:25\n    at Array.map (<anonymous>)\n    at E:\\meu-portal-de-jogos - backup\\node_modules\\tarn\\dist\\Pool.js:207:53\n    at processTicksAndRejections (node:internal/process/task_queues:103:5)\n    at Client_PG.destroy (E:\\meu-portal-de-jogos - backup\\node_modules\\knex\\lib\\client.js:358:9)\n    at Object.<anonymous> (E:\\meu-portal-de-jogos - backup\\tests\\integration\\public-routes.test.js:8:9)","timestamp":"2026-01-26 13:44:35"}
{"level":"info","message":"Attempting to set up email service...","service":"portal-jogos-service","timestamp":"2026-01-26 13:46:05"}
{"level":"info","message":"Usando Postgres Session Store.","service":"portal-jogos-service","timestamp":"2026-01-26 13:46:05"}
{"level":"info","message":"GET /api/games/most-accessed","service":"portal-jogos-service","timestamp":"2026-01-26 13:46:06"}
{"level":"info","message":"GET /api/route-that-does-not-exist","service":"portal-jogos-service","timestamp":"2026-01-26 13:46:06"}
{"level":"error","message":"Falha ao conectar ao banco de dados: aborted","service":"portal-jogos-service","stack":"Error: aborted\n    at PendingOperation.abort (E:\\meu-portal-de-jogos - backup\\node_modules\\tarn\\dist\\PendingOperation.js:25:21)\n    at E:\\meu-portal-de-jogos - backup\\node_modules\\tarn\\dist\\Pool.js:208:25\n    at Array.map (<anonymous>)\n    at E:\\meu-portal-de-jogos - backup\\node_modules\\tarn\\dist\\Pool.js:207:53\n    at processTicksAndRejections (node:internal/process/task_queues:103:5)\n    at Client_PG.destroy (E:\\meu-portal-de-jogos - backup\\node_modules\\knex\\lib\\client.js:358:9)\n    at Object.<anonymous> (E:\\meu-portal-de-jogos - backup\\tests\\integration\\public-routes.test.js:8:9)","timestamp":"2026-01-26 13:46:06"}
{"level":"info","message":"Attempting to set up email service...","service":"portal-jogos-service","timestamp":"2026-01-26 13:47:08"}
{"level":"info","message":"Usando Postgres Session Store.","service":"portal-jogos-service","timestamp":"2026-01-26 13:47:08"}
{"level":"info","message":"POST /api/login","service":"portal-jogos-service","timestamp":"2026-01-26 13:47:09"}
{"level":"info","message":"Conectado ao banco de dados (production).","service":"portal-jogos-service","timestamp":"2026-01-26 13:47:09"}
{"level":"info","message":"POST /api/login","service":"portal-jogos-service","timestamp":"2026-01-26 13:47:09"}
{"level":"info","message":"POST /api/register","service":"portal-jogos-service","timestamp":"2026-01-26 13:47:09"}
{"level":"info","message":"Attempting to set up email service...","service":"portal-jogos-service","timestamp":"2026-01-27 21:44:43"}
{"level":"info","message":"Usando Postgres Session Store.","service":"portal-jogos-service","timestamp":"2026-01-27 21:44:43"}
{"level":"info","message":"Servidor rodando em http://localhost:3001","service":"portal-jogos-service","timestamp":"2026-01-27 21:44:43"}
{"level":"error","message":"Falha ao conectar ao banco de dados: Knex: Timeout acquiring a connection. The pool is probably full. Are you missing a .transacting(trx) call?","name":"KnexTimeoutError","service":"portal-jogos-service","sql":"SELECT 1","stack":"KnexTimeoutError: Knex: Timeout acquiring a connection. The pool is probably full. Are you missing a .transacting(trx) call?\n    at Client_PG.acquireConnection (E:\\meu-portal-de-jogos - backup\\node_modules\\knex\\lib\\client.js:332:26)\n    at async Runner.ensureConnection (E:\\meu-portal-de-jogos - backup\\node_modules\\knex\\lib\\execution\\runner.js:305:28)\n    at async Runner.run (E:\\meu-portal-de-jogos - backup\\node_modules\\knex\\lib\\execution\\runner.js:30:19)","timestamp":"2026-01-27 21:45:01"}
{"level":"info","message":"GET /games.json","service":"portal-jogos-service","timestamp":"2026-01-27 22:12:06"}
{"level":"info","message":"GET /api/user-status","service":"portal-jogos-service","timestamp":"2026-01-27 22:12:06"}
{"level":"info","message":"GET /api/profile","service":"portal-jogos-service","timestamp":"2026-01-27 22:20:26"}
{"level":"info","message":"GET /api/user-status","service":"portal-jogos-service","timestamp":"2026-01-27 22:20:26"}
{"level":"info","message":"GET /api/profile","service":"portal-jogos-service","timestamp":"2026-01-27 22:20:26"}
{"level":"info","message":"POST /api/logout","service":"portal-jogos-service","timestamp":"2026-01-27 22:20:32"}
{"level":"info","message":"GET /api/user-status","service":"portal-jogos-service","timestamp":"2026-01-27 22:20:35"}
{"level":"info","message":"GET /games.json","service":"portal-jogos-service","timestamp":"2026-01-27 22:20:35"}
{"level":"info","message":"GET /api/user-status","service":"portal-jogos-service","timestamp":"2026-01-27 22:20:43"}
{"level":"info","message":"OPTIONS /api/login","service":"portal-jogos-service","timestamp":"2026-01-27 22:20:49"}
{"level":"info","message":"POST /api/login","service":"portal-jogos-service","timestamp":"2026-01-27 22:20:49"}
{"level":"info","message":"GET /api/user-status","service":"portal-jogos-service","timestamp":"2026-01-27 22:20:50"}
{"level":"info","message":"GET /games.json","service":"portal-jogos-service","timestamp":"2026-01-27 22:20:50"}
{"level":"info","message":"GET /games.json","service":"portal-jogos-service","timestamp":"2026-01-27 22:20:50"}
{"level":"info","message":"Iniciando migrações via Knex...","service":"portal-jogos-service","timestamp":"2026-01-27 22:25:04"}
{"level":"info","message":"Conectado ao banco de dados (production).","service":"portal-jogos-service","timestamp":"2026-01-27 22:25:06"}
{"level":"info","message":"Conectado ao banco de dados (production).","service":"portal-jogos-service","timestamp":"2026-01-27 22:25:06"}
{"level":"info","message":"Migrações concluídas com sucesso.","service":"portal-jogos-service","timestamp":"2026-01-27 22:25:10"}
{"level":"info","message":"Iniciando migrações via Knex...","service":"portal-jogos-service","timestamp":"2026-01-27 22:26:52"}
{"level":"info","message":"Conectado ao banco de dados (production).","service":"portal-jogos-service","timestamp":"2026-01-27 22:26:52"}
{"level":"info","message":"Migrações concluídas com sucesso.","service":"portal-jogos-service","timestamp":"2026-01-27 22:26:53"}
{"level":"info","message":"Conectado ao banco de dados (production).","service":"portal-jogos-service","timestamp":"2026-01-27 22:27:57"}
{"level":"info","message":"GET /api/games","service":"portal-jogos-service","timestamp":"2026-01-27 22:47:34"}
{"level":"info","message":"GET /api/user-status","service":"portal-jogos-service","timestamp":"2026-01-27 22:47:34"}
{"level":"info","message":"GET /api/user-status","service":"portal-jogos-service","timestamp":"2026-01-27 22:48:15"}
{"level":"info","message":"GET /api/user-status","service":"portal-jogos-service","timestamp":"2026-01-27 22:48:16"}
{"level":"info","message":"GET /api/user-status","service":"portal-jogos-service","timestamp":"2026-01-27 22:48:20"}
{"level":"info","message":"GET /api/games","service":"portal-jogos-service","timestamp":"2026-01-27 22:48:20"}
{"level":"info","message":"GET /api/games","service":"portal-jogos-service","timestamp":"2026-01-27 22:48:20"}
{"level":"info","message":"GET /api/user-status","service":"portal-jogos-service","timestamp":"2026-01-27 22:50:28"}
{"level":"info","message":"GET /api/user-status","service":"portal-jogos-service","timestamp":"2026-01-27 22:50:32"}
{"level":"info","message":"GET /api/user-status","service":"portal-jogos-service","timestamp":"2026-01-27 22:50:32"}
{"level":"info","message":"GET /api/games","service":"portal-jogos-service","timestamp":"2026-01-27 22:50:33"}
{"level":"info","message":"GET /api/games","service":"portal-jogos-service","timestamp":"2026-01-27 22:50:33"}
{"level":"info","message":"GET /api/user-status","service":"portal-jogos-service","timestamp":"2026-01-27 22:53:44"}
{"level":"info","message":"GET /api/user-status","service":"portal-jogos-service","timestamp":"2026-01-27 22:53:51"}
{"level":"info","message":"GET /api/user-status","service":"portal-jogos-service","timestamp":"2026-01-27 22:53:51"}
{"level":"info","message":"GET /api/games","service":"portal-jogos-service","timestamp":"2026-01-27 22:53:52"}
{"level":"info","message":"GET /api/games","service":"portal-jogos-service","timestamp":"2026-01-27 22:53:52"}
{"level":"info","message":"GET /api/user-status","service":"portal-jogos-service","timestamp":"2026-01-27 22:53:59"}
{"level":"info","message":"GET /api/user-status","service":"portal-jogos-service","timestamp":"2026-01-27 22:54:02"}
{"level":"info","message":"GET /api/user-status","service":"portal-jogos-service","timestamp":"2026-01-27 22:54:03"}
{"level":"info","message":"GET /api/games","service":"portal-jogos-service","timestamp":"2026-01-27 22:54:03"}
{"level":"info","message":"GET /api/games","service":"portal-jogos-service","timestamp":"2026-01-27 22:54:03"}
{"level":"info","message":"GET /api/user-status","service":"portal-jogos-service","timestamp":"2026-01-27 22:54:13"}
{"level":"info","message":"GET /api/profile","service":"portal-jogos-service","timestamp":"2026-01-27 22:54:13"}
{"level":"info","message":"GET /api/profile","service":"portal-jogos-service","timestamp":"2026-01-27 22:54:13"}
{"level":"info","message":"GET /api/games","service":"portal-jogos-service","timestamp":"2026-01-27 22:54:33"}
{"level":"info","message":"GET /api/user-status","service":"portal-jogos-service","timestamp":"2026-01-27 22:54:33"}
{"level":"info","message":"GET /api/games","service":"portal-jogos-service","timestamp":"2026-01-27 22:54:33"}
{"level":"info","message":"Attempting to set up email service...","service":"portal-jogos-service","timestamp":"2026-01-27 23:05:12"}
{"level":"info","message":"Usando Postgres Session Store.","service":"portal-jogos-service","timestamp":"2026-01-27 23:05:12"}
{"level":"info","message":"Servidor rodando em http://localhost:3001","service":"portal-jogos-service","timestamp":"2026-01-27 23:05:12"}
{"level":"info","message":"Conectado ao banco de dados (production).","service":"portal-jogos-service","timestamp":"2026-01-27 23:05:13"}
{"level":"info","message":"GET /api/user-status","service":"portal-jogos-service","timestamp":"2026-01-27 23:06:23"}
{"level":"info","message":"GET /api/games","service":"portal-jogos-service","timestamp":"2026-01-27 23:06:24"}
{"level":"info","message":"GET /assets/imagens/quiz.webp","service":"portal-jogos-service","timestamp":"2026-01-27 23:06:24"}
{"level":"info","message":"GET /api/user-status","service":"portal-jogos-service","timestamp":"2026-01-27 23:18:06"}
{"level":"info","message":"GET /api/user-status","service":"portal-jogos-service","timestamp":"2026-01-27 23:18:06"}
{"level":"info","message":"GET /api/user-status","service":"portal-jogos-service","timestamp":"2026-01-27 23:18:07"}
{"level":"info","message":"GET /api/games","service":"portal-jogos-service","timestamp":"2026-01-27 23:18:07"}
{"level":"info","message":"GET /api/games","service":"portal-jogos-service","timestamp":"2026-01-27 23:18:07"}
{"level":"info","message":"GET /assets/imagens/quiz.webp","service":"portal-jogos-service","timestamp":"2026-01-27 23:18:07"}
{"level":"info","message":"GET /api/user-status","service":"portal-jogos-service","timestamp":"2026-01-27 23:18:32"}
{"level":"info","message":"GET /api/games","service":"portal-jogos-service","timestamp":"2026-01-27 23:18:32"}
{"level":"info","message":"GET /api/games","service":"portal-jogos-service","timestamp":"2026-01-27 23:18:32"}
{"level":"info","message":"OPTIONS /api/admin/games/tabela-periodica-bingo","service":"portal-jogos-service","timestamp":"2026-01-27 23:19:12"}
{"level":"info","message":"PUT /api/admin/games/tabela-periodica-bingo","service":"portal-jogos-service","timestamp":"2026-01-27 23:19:12"}
{"level":"info","message":"OPTIONS /api/admin/games/tabela-periodica-bingo","service":"portal-jogos-service","timestamp":"2026-01-27 23:43:06"}
{"level":"info","message":"PUT /api/admin/games/tabela-periodica-bingo","service":"portal-jogos-service","timestamp":"2026-01-27 23:43:06"}
{"level":"info","message":"OPTIONS /api/games/tabela-periodica-bingo","service":"portal-jogos-service","timestamp":"2026-01-28 06:07:48"}
{"level":"info","message":"PUT /api/games/tabela-periodica-bingo","service":"portal-jogos-service","timestamp":"2026-01-28 06:07:48"}
{"level":"info","message":"PUT /api/games/tabela-periodica-bingo","service":"portal-jogos-service","timestamp":"2026-01-28 06:07:50"}
{"level":"info","message":"GET /api/user-status","service":"portal-jogos-service","timestamp":"2026-01-28 06:07:56"}
{"level":"info","message":"GET /api/profile","service":"portal-jogos-service","timestamp":"2026-01-28 06:07:56"}
{"level":"info","message":"GET /api/profile","service":"portal-jogos-service","timestamp":"2026-01-28 06:07:56"}
{"level":"info","message":"GET /api/user-status","service":"portal-jogos-service","timestamp":"2026-01-28 06:07:59"}
{"level":"info","message":"OPTIONS /api/login","service":"portal-jogos-service","timestamp":"2026-01-28 06:08:06"}
{"level":"info","message":"POST /api/login","service":"portal-jogos-service","timestamp":"2026-01-28 06:08:06"}
{"level":"info","message":"GET /api/games","service":"portal-jogos-service","timestamp":"2026-01-28 06:08:18"}
{"level":"info","message":"GET /api/user-status","service":"portal-jogos-service","timestamp":"2026-01-28 06:08:18"}
{"level":"info","message":"GET /api/games","service":"portal-jogos-service","timestamp":"2026-01-28 06:08:18"}
{"level":"info","message":"GET /assets/imagens/quiz.webp","service":"portal-jogos-service","timestamp":"2026-01-28 06:08:18"}
{"level":"info","message":"GET /api/user-status","service":"portal-jogos-service","timestamp":"2026-01-28 06:08:41"}
{"level":"info","message":"GET /api/user-status","service":"portal-jogos-service","timestamp":"2026-01-28 06:08:42"}
{"level":"info","message":"GET /api/user-status","service":"portal-jogos-service","timestamp":"2026-01-28 06:08:45"}
{"level":"info","message":"GET /api/games","service":"portal-jogos-service","timestamp":"2026-01-28 06:08:45"}
{"level":"info","message":"GET /api/games","service":"portal-jogos-service","timestamp":"2026-01-28 06:08:45"}
{"level":"info","message":"GET /assets/imagens/quiz.webp","service":"portal-jogos-service","timestamp":"2026-01-28 06:08:46"}
{"level":"info","message":"GET /api/user-status","service":"portal-jogos-service","timestamp":"2026-01-28 06:08:56"}
{"level":"info","message":"GET /api/games","service":"portal-jogos-service","timestamp":"2026-01-28 06:08:56"}
{"level":"info","message":"GET /api/games","service":"portal-jogos-service","timestamp":"2026-01-28 06:08:56"}
{"level":"info","message":"OPTIONS /api/games/tabela-periodica-bingo","service":"portal-jogos-service","timestamp":"2026-01-28 06:09:00"}
{"level":"info","message":"PUT /api/games/tabela-periodica-bingo","service":"portal-jogos-service","timestamp":"2026-01-28 06:09:00"}
{"level":"info","message":"GET /api/user-status","service":"portal-jogos-service","timestamp":"2026-01-28 06:09:00"}
{"level":"info","message":"GET /api/games","service":"portal-jogos-service","timestamp":"2026-01-28 06:09:00"}
{"level":"info","message":"GET /api/games","service":"portal-jogos-service","timestamp":"2026-01-28 06:09:00"}
{"level":"info","message":"GET /api/user-status","service":"portal-jogos-service","timestamp":"2026-01-28 06:09:12"}
{"level":"info","message":"GET /api/user-status","service":"portal-jogos-service","timestamp":"2026-01-28 06:09:18"}
{"level":"info","message":"GET /api/games","service":"portal-jogos-service","timestamp":"2026-01-28 06:09:18"}
{"level":"info","message":"GET /api/games","service":"portal-jogos-service","timestamp":"2026-01-28 06:09:18"}
{"level":"info","message":"GET /api/user-status","service":"portal-jogos-service","timestamp":"2026-01-28 06:13:04"}
{"level":"info","message":"GET /api/user-status","service":"portal-jogos-service","timestamp":"2026-01-28 06:13:08"}
{"level":"info","message":"GET /api/user-status","service":"portal-jogos-service","timestamp":"2026-01-28 06:13:08"}
{"level":"info","message":"GET /api/games","service":"portal-jogos-service","timestamp":"2026-01-28 06:13:08"}
{"level":"info","message":"GET /api/games","service":"portal-jogos-service","timestamp":"2026-01-28 06:13:08"}
{"level":"info","message":"GET /assets/imagens/quiz.webp","service":"portal-jogos-service","timestamp":"2026-01-28 06:13:08"}
{"level":"info","message":"GET /api/user-status","service":"portal-jogos-service","timestamp":"2026-01-28 06:13:16"}
{"level":"info","message":"GET /api/user-status","service":"portal-jogos-service","timestamp":"2026-01-28 06:13:18"}
{"level":"info","message":"GET /api/user-status","service":"portal-jogos-service","timestamp":"2026-01-28 06:13:18"}
{"level":"info","message":"GET /api/games","service":"portal-jogos-service","timestamp":"2026-01-28 06:13:19"}
{"level":"info","message":"GET /api/games","service":"portal-jogos-service","timestamp":"2026-01-28 06:13:19"}
{"level":"info","message":"GET /assets/imagens/quiz.webp","service":"portal-jogos-service","timestamp":"2026-01-28 06:13:19"}
{"level":"info","message":"Attempting to set up email service...","service":"portal-jogos-service","timestamp":"2026-01-28 06:15:11"}
{"level":"info","message":"Usando Postgres Session Store.","service":"portal-jogos-service","timestamp":"2026-01-28 06:15:11"}
{"level":"info","message":"Servidor rodando em http://localhost:3001","service":"portal-jogos-service","timestamp":"2026-01-28 06:15:11"}
{"level":"info","message":"Conectado ao banco de dados (production).","service":"portal-jogos-service","timestamp":"2026-01-28 06:15:12"}
{"level":"info","message":"Attempting to set up email service...","service":"portal-jogos-service","timestamp":"2026-01-28 06:17:39"}
{"level":"info","message":"Usando Postgres Session Store.","service":"portal-jogos-service","timestamp":"2026-01-28 06:17:39"}
{"level":"info","message":"Servidor rodando em http://localhost:3001","service":"portal-jogos-service","timestamp":"2026-01-28 06:17:39"}
{"level":"info","message":"Conectado ao banco de dados (production).","service":"portal-jogos-service","timestamp":"2026-01-28 06:17:39"}
{"level":"info","message":"Iniciando migrações via Knex...","service":"portal-jogos-service","timestamp":"2026-01-28 06:18:14"}
{"level":"info","message":"Conectado ao banco de dados (production).","service":"portal-jogos-service","timestamp":"2026-01-28 06:18:14"}
{"level":"info","message":"Migrações concluídas com sucesso.","service":"portal-jogos-service","timestamp":"2026-01-28 06:18:15"}
{"level":"info","message":"GET /api/user-status","service":"portal-jogos-service","timestamp":"2026-01-28 06:18:28"}
{"level":"info","message":"GET /api/admin/users?page=1&limit=20&search=","service":"portal-jogos-service","timestamp":"2026-01-28 06:18:28"}
{"level":"info","message":"Attempting to set up email service...","service":"portal-jogos-service","timestamp":"2026-01-28 06:18:49"}
{"level":"info","message":"Usando Postgres Session Store.","service":"portal-jogos-service","timestamp":"2026-01-28 06:18:49"}
{"level":"info","message":"Servidor rodando em http://localhost:3001","service":"portal-jogos-service","timestamp":"2026-01-28 06:18:49"}
{"level":"info","message":"Conectado ao banco de dados (production).","service":"portal-jogos-service","timestamp":"2026-01-28 06:18:51"}
{"level":"info","message":"Conectado ao banco de dados (production).","service":"portal-jogos-service","timestamp":"2026-01-28 06:19:06"}
{"level":"info","message":"Attempting to set up email service...","service":"portal-jogos-service","timestamp":"2026-01-28 06:19:54"}
{"level":"info","message":"Usando Postgres Session Store.","service":"portal-jogos-service","timestamp":"2026-01-28 06:19:54"}
{"level":"info","message":"Servidor rodando em http://localhost:3001","service":"portal-jogos-service","timestamp":"2026-01-28 06:19:54"}
{"level":"info","message":"Conectado ao banco de dados (production).","service":"portal-jogos-service","timestamp":"2026-01-28 06:19:54"}
{"level":"info","message":"Attempting to set up email service...","service":"portal-jogos-service","timestamp":"2026-01-28 06:20:00"}
{"level":"info","message":"Usando Postgres Session Store.","service":"portal-jogos-service","timestamp":"2026-01-28 06:20:00"}
{"level":"info","message":"Servidor rodando em http://localhost:3001","service":"portal-jogos-service","timestamp":"2026-01-28 06:20:00"}
{"level":"info","message":"Conectado ao banco de dados (production).","service":"portal-jogos-service","timestamp":"2026-01-28 06:20:00"}
{"level":"info","message":"GET /api/user-status","service":"portal-jogos-service","timestamp":"2026-01-28 06:20:15"}
{"level":"info","message":"GET /api/user-status","service":"portal-jogos-service","timestamp":"2026-01-28 06:20:15"}
{"level":"info","message":"GET /api/admin/users?page=1&limit=20&search=","service":"portal-jogos-service","timestamp":"2026-01-28 06:20:16"}
{"level":"info","message":"GET /api/admin/settings","service":"portal-jogos-service","timestamp":"2026-01-28 06:20:53"}
{"level":"info","message":"GET /api/user-status","service":"portal-jogos-service","timestamp":"2026-01-28 06:20:53"}
{"level":"info","message":"GET /api/admin/settings","service":"portal-jogos-service","timestamp":"2026-01-28 06:20:53"}
{"level":"info","message":"GET /api/user-status","service":"portal-jogos-service","timestamp":"2026-01-28 06:21:16"}
{"level":"info","message":"GET /api/admin/users?page=1&limit=20&search=","service":"portal-jogos-service","timestamp":"2026-01-28 06:21:16"}
{"level":"info","message":"Iniciando migrações via Knex...","service":"portal-jogos-service","timestamp":"2026-01-28 06:36:03"}
{"level":"info","message":"Conectado ao banco de dados (production).","service":"portal-jogos-service","timestamp":"2026-01-28 06:36:04"}
{"level":"info","message":"Migrações concluídas com sucesso.","service":"portal-jogos-service","timestamp":"2026-01-28 06:36:05"}
{"level":"info","message":"Attempting to set up email service...","service":"portal-jogos-service","timestamp":"2026-01-28 06:42:31"}
{"level":"info","message":"Usando Postgres Session Store.","service":"portal-jogos-service","timestamp":"2026-01-28 06:42:31"}
{"level":"info","message":"Servidor rodando em http://localhost:3001","service":"portal-jogos-service","timestamp":"2026-01-28 06:42:31"}
{"level":"info","message":"Conectado ao banco de dados (production).","service":"portal-jogos-service","timestamp":"2026-01-28 06:42:32"}
{"level":"info","message":"Attempting to set up email service...","service":"portal-jogos-service","timestamp":"2026-01-28 06:42:48"}
{"level":"info","message":"Usando Postgres Session Store.","service":"portal-jogos-service","timestamp":"2026-01-28 06:42:48"}
{"level":"info","message":"Servidor rodando em http://localhost:3001","service":"portal-jogos-service","timestamp":"2026-01-28 06:42:48"}
{"level":"info","message":"Conectado ao banco de dados (production).","service":"portal-jogos-service","timestamp":"2026-01-28 06:42:48"}
{"level":"info","message":"Conectado ao banco de dados (production).","service":"portal-jogos-service","timestamp":"2026-02-06 15:49:12"}
{"level":"info","message":"Attempting to set up email service...","service":"portal-jogos-service","timestamp":"2026-02-06 16:06:53"}
{"level":"info","message":"Usando Postgres Session Store.","service":"portal-jogos-service","timestamp":"2026-02-06 16:06:53"}
{"level":"info","message":"Servidor rodando em http://localhost:3001","service":"portal-jogos-service","timestamp":"2026-02-06 16:06:53"}
{"level":"info","message":"Conectado ao banco de dados (production).","service":"portal-jogos-service","timestamp":"2026-02-06 16:06:54"}
{"level":"info","message":"Attempting to set up email service...","service":"portal-jogos-service","timestamp":"2026-02-06 16:08:06"}
{"level":"info","message":"Usando Postgres Session Store.","service":"portal-jogos-service","timestamp":"2026-02-06 16:08:06"}
{"level":"info","message":"Servidor rodando em http://localhost:3001","service":"portal-jogos-service","timestamp":"2026-02-06 16:08:06"}
{"level":"info","message":"Conectado ao banco de dados (production).","service":"portal-jogos-service","timestamp":"2026-02-06 16:08:06"}
{"level":"info","message":"GET /api/user-status","service":"portal-jogos-service","timestamp":"2026-02-06 16:08:14"}
{"level":"info","message":"GET /api/user-status","service":"portal-jogos-service","timestamp":"2026-02-06 16:09:20"}
{"level":"info","message":"OPTIONS /api/login","service":"portal-jogos-service","timestamp":"2026-02-06 16:09:29"}
{"level":"info","message":"POST /api/login","service":"portal-jogos-service","timestamp":"2026-02-06 16:09:29"}
{"level":"info","message":"GET /api/games","service":"portal-jogos-service","timestamp":"2026-02-06 16:09:31"}
{"level":"info","message":"GET /api/user-status","service":"portal-jogos-service","timestamp":"2026-02-06 16:09:31"}
{"level":"info","message":"GET /api/games","service":"portal-jogos-service","timestamp":"2026-02-06 16:09:31"}
{"level":"info","message":"GET /assets/imagens/quiz.webp","service":"portal-jogos-service","timestamp":"2026-02-06 16:09:31"}
{"level":"info","message":"GET /api/user-status","service":"portal-jogos-service","timestamp":"2026-02-06 16:10:22"}
{"level":"info","message":"GET /api/user-status","service":"portal-jogos-service","timestamp":"2026-02-06 16:10:22"}
{"level":"info","message":"GET /api/user-status","service":"portal-jogos-service","timestamp":"2026-02-06 16:10:23"}
{"level":"info","message":"GET /api/games","service":"portal-jogos-service","timestamp":"2026-02-06 16:10:23"}
{"level":"info","message":"GET /api/games","service":"portal-jogos-service","timestamp":"2026-02-06 16:10:23"}
{"level":"info","message":"GET /assets/imagens/quiz.webp","service":"portal-jogos-service","timestamp":"2026-02-06 16:10:23"}
{"level":"info","message":"GET /api/profile","service":"portal-jogos-service","timestamp":"2026-02-06 16:10:29"}
{"level":"info","message":"GET /api/user-status","service":"portal-jogos-service","timestamp":"2026-02-06 16:10:29"}
{"level":"info","message":"GET /api/profile","service":"portal-jogos-service","timestamp":"2026-02-06 16:10:29"}
{"level":"info","message":"POST /api/logout","service":"portal-jogos-service","timestamp":"2026-02-06 16:10:33"}
{"level":"info","message":"GET /api/user-status","service":"portal-jogos-service","timestamp":"2026-02-06 16:10:35"}
{"level":"info","message":"GET /api/games","service":"portal-jogos-service","timestamp":"2026-02-06 16:10:35"}
{"level":"info","message":"GET /assets/imagens/quiz.webp","service":"portal-jogos-service","timestamp":"2026-02-06 16:10:35"}
{"level":"info","message":"GET /api/user-status","service":"portal-jogos-service","timestamp":"2026-02-06 16:10:36"}
{"level":"info","message":"OPTIONS /api/login","service":"portal-jogos-service","timestamp":"2026-02-06 16:10:47"}
{"level":"info","message":"POST /api/login","service":"portal-jogos-service","timestamp":"2026-02-06 16:10:47"}
{"level":"info","message":"GET /api/user-status","service":"portal-jogos-service","timestamp":"2026-02-06 16:10:48"}
{"level":"info","message":"GET /api/games","service":"portal-jogos-service","timestamp":"2026-02-06 16:10:48"}
{"level":"info","message":"GET /api/games","service":"portal-jogos-service","timestamp":"2026-02-06 16:10:48"}
{"level":"info","message":"GET /api/user-status","service":"portal-jogos-service","timestamp":"2026-02-06 16:10:53"}
{"level":"info","message":"GET /api/user-status","service":"portal-jogos-service","timestamp":"2026-02-06 16:10:53"}
{"level":"info","message":"GET /api/user-status","service":"portal-jogos-service","timestamp":"2026-02-06 16:10:53"}
{"level":"info","message":"GET /api/user-status","service":"portal-jogos-service","timestamp":"2026-02-06 16:10:54"}
{"level":"info","message":"GET /api/games","service":"portal-jogos-service","timestamp":"2026-02-06 16:10:54"}
{"level":"info","message":"GET /api/games","service":"portal-jogos-service","timestamp":"2026-02-06 16:10:54"}
{"level":"info","message":"GET /api/user-status","service":"portal-jogos-service","timestamp":"2026-02-07 08:08:32"}
{"level":"info","message":"OPTIONS /api/games","service":"portal-jogos-service","timestamp":"2026-02-07 08:30:56"}
{"level":"info","message":"POST /api/games","service":"portal-jogos-service","timestamp":"2026-02-07 08:30:56"}
{"level":"info","message":"GET /api/user-status","service":"portal-jogos-service","timestamp":"2026-02-07 08:32:41"}
{"level":"info","message":"GET /api/user-status","service":"portal-jogos-service","timestamp":"2026-02-07 08:32:41"}
{"level":"info","message":"GET /api/user-status","service":"portal-jogos-service","timestamp":"2026-02-07 08:32:47"}
{"level":"info","message":"GET /api/games","service":"portal-jogos-service","timestamp":"2026-02-07 08:32:48"}
{"level":"info","message":"GET /api/games","service":"portal-jogos-service","timestamp":"2026-02-07 08:32:48"}
{"level":"info","message":"GET /assets/imagens/quiz.webp","service":"portal-jogos-service","timestamp":"2026-02-07 08:32:48"}
{"level":"info","message":"GET /api/user-status","service":"portal-jogos-service","timestamp":"2026-02-07 08:33:14"}
{"level":"info","message":"GET /api/games","service":"portal-jogos-service","timestamp":"2026-02-07 08:33:14"}
{"level":"info","message":"GET /api/games","service":"portal-jogos-service","timestamp":"2026-02-07 08:33:14"}
{"level":"info","message":"GET /api/games","service":"portal-jogos-service","timestamp":"2026-02-07 08:34:35"}
{"level":"info","message":"GET /api/user-status","service":"portal-jogos-service","timestamp":"2026-02-07 08:34:35"}
{"level":"info","message":"GET /api/games","service":"portal-jogos-service","timestamp":"2026-02-07 08:34:35"}
{"level":"info","message":"GET /assets/imagens/quiz.webp","service":"portal-jogos-service","timestamp":"2026-02-07 08:34:35"}
{"level":"info","message":"GET /api/user-status","service":"portal-jogos-service","timestamp":"2026-02-07 08:34:45"}
{"level":"info","message":"GET /api/games","service":"portal-jogos-service","timestamp":"2026-02-07 08:34:45"}
{"level":"info","message":"GET /api/games","service":"portal-jogos-service","timestamp":"2026-02-07 08:34:45"}
{"level":"info","message":"OPTIONS /api/games/quiz-educacional","service":"portal-jogos-service","timestamp":"2026-02-07 08:34:50"}
{"level":"info","message":"PUT /api/games/quiz-educacional","service":"portal-jogos-service","timestamp":"2026-02-07 08:34:50"}
{"level":"info","message":"GET /api/user-status","service":"portal-jogos-service","timestamp":"2026-02-07 08:34:50"}
{"level":"info","message":"GET /api/games","service":"portal-jogos-service","timestamp":"2026-02-07 08:34:50"}
{"level":"info","message":"GET /api/games","service":"portal-jogos-service","timestamp":"2026-02-07 08:34:50"}
{"level":"info","message":"GET /api/user-status","service":"portal-jogos-service","timestamp":"2026-02-07 08:35:04"}
{"level":"info","message":"GET /api/user-status","service":"portal-jogos-service","timestamp":"2026-02-07 08:35:04"}
{"level":"info","message":"GET /api/user-status","service":"portal-jogos-service","timestamp":"2026-02-07 08:35:06"}
{"level":"info","message":"GET /api/games","service":"portal-jogos-service","timestamp":"2026-02-07 08:35:06"}
{"level":"info","message":"GET /assets/imagens/quiz.webp","service":"portal-jogos-service","timestamp":"2026-02-07 08:35:06"}
{"level":"info","message":"GET /api/user-status","service":"portal-jogos-service","timestamp":"2026-02-07 08:37:49"}
{"level":"info","message":"GET /api/games","service":"portal-jogos-service","timestamp":"2026-02-07 08:37:49"}
{"level":"info","message":"GET /api/games","service":"portal-jogos-service","timestamp":"2026-02-07 08:37:49"}
{"level":"info","message":"GET /assets/imagens/quiz.webp","service":"portal-jogos-service","timestamp":"2026-02-07 08:37:49"}
{"level":"info","message":"GET /api/user-status","service":"portal-jogos-service","timestamp":"2026-02-07 08:39:54"}
{"level":"info","message":"GET /api/games","service":"portal-jogos-service","timestamp":"2026-02-07 08:39:54"}
{"level":"info","message":"GET /assets/imagens/quiz.webp","service":"portal-jogos-service","timestamp":"2026-02-07 08:39:55"}
{"level":"info","message":"GET /api/user-status","service":"portal-jogos-service","timestamp":"2026-02-07 08:40:27"}
{"level":"info","message":"GET /api/games","service":"portal-jogos-service","timestamp":"2026-02-07 08:40:28"}
{"level":"info","message":"GET /api/games","service":"portal-jogos-service","timestamp":"2026-02-07 08:40:28"}
{"level":"info","message":"OPTIONS /api/games/roda-a-roda","service":"portal-jogos-service","timestamp":"2026-02-07 08:40:36"}
{"level":"info","message":"PUT /api/games/roda-a-roda","service":"portal-jogos-service","timestamp":"2026-02-07 08:40:36"}
{"level":"info","message":"GET /api/user-status","service":"portal-jogos-service","timestamp":"2026-02-07 08:40:37"}
{"level":"info","message":"GET /api/games","service":"portal-jogos-service","timestamp":"2026-02-07 08:40:37"}
{"level":"info","message":"GET /api/games","service":"portal-jogos-service","timestamp":"2026-02-07 08:40:37"}
{"level":"info","message":"GET /api/user-status","service":"portal-jogos-service","timestamp":"2026-02-09 10:07:08"}
{"level":"info","message":"GET /api/user-status","service":"portal-jogos-service","timestamp":"2026-02-09 10:07:08"}
{"level":"info","message":"GET /api/games","service":"portal-jogos-service","timestamp":"2026-02-09 10:07:09"}
{"level":"info","message":"GET /api/games","service":"portal-jogos-service","timestamp":"2026-02-09 10:07:09"}
{"level":"info","message":"GET /assets/imagens/quiz.webp","service":"portal-jogos-service","timestamp":"2026-02-09 10:07:10"}
{"level":"info","message":"GET /api/user-status","service":"portal-jogos-service","timestamp":"2026-02-09 10:07:20"}
{"level":"info","message":"GET /api/games","service":"portal-jogos-service","timestamp":"2026-02-09 10:07:20"}
{"level":"info","message":"GET /assets/imagens/quiz.webp","service":"portal-jogos-service","timestamp":"2026-02-09 10:07:21"}
{"level":"info","message":"POST /api/logout","service":"portal-jogos-service","timestamp":"2026-02-09 10:07:24"}
{"level":"info","message":"GET /api/user-status","service":"portal-jogos-service","timestamp":"2026-02-09 10:07:27"}
{"level":"info","message":"GET /api/games","service":"portal-jogos-service","timestamp":"2026-02-09 10:07:27"}
{"level":"info","message":"GET /assets/imagens/quiz.webp","service":"portal-jogos-service","timestamp":"2026-02-09 10:07:27"}
{"level":"info","message":"GET /api/user-status","service":"portal-jogos-service","timestamp":"2026-02-09 10:07:37"}
{"level":"info","message":"Attempting to set up email service...","service":"portal-jogos-service","timestamp":"2026-02-09 10:07:42"}
{"level":"info","message":"Usando Postgres Session Store.","service":"portal-jogos-service","timestamp":"2026-02-09 10:07:42"}
{"level":"info","message":"Servidor rodando em http://localhost:3001","service":"portal-jogos-service","timestamp":"2026-02-09 10:07:42"}
{"level":"error","message":"Falha ao conectar ao banco de dados: Knex: Timeout acquiring a connection. The pool is probably full. Are you missing a .transacting(trx) call?","name":"KnexTimeoutError","service":"portal-jogos-service","sql":"SELECT 1","stack":"KnexTimeoutError: Knex: Timeout acquiring a connection. The pool is probably full. Are you missing a .transacting(trx) call?\n    at Client_PG.acquireConnection (E:\\meu-portal-de-jogos - backup\\node_modules\\knex\\lib\\client.js:332:26)\n    at async Runner.ensureConnection (E:\\meu-portal-de-jogos - backup\\node_modules\\knex\\lib\\execution\\runner.js:305:28)\n    at async Runner.run (E:\\meu-portal-de-jogos - backup\\node_modules\\knex\\lib\\execution\\runner.js:30:19)","timestamp":"2026-02-09 10:07:42"}
{"level":"info","message":"OPTIONS /api/login","service":"portal-jogos-service","timestamp":"2026-02-09 10:07:45"}
{"level":"info","message":"POST /api/login","service":"portal-jogos-service","timestamp":"2026-02-09 10:07:45"}
{"level":"info","message":"GET /api/user-status","service":"portal-jogos-service","timestamp":"2026-02-09 10:07:46"}
{"level":"info","message":"GET /api/games","service":"portal-jogos-service","timestamp":"2026-02-09 10:07:46"}
{"level":"info","message":"GET /api/games","service":"portal-jogos-service","timestamp":"2026-02-09 10:07:47"}
{"level":"info","message":"POST /api/logout","service":"portal-jogos-service","timestamp":"2026-02-09 10:07:53"}
{"level":"info","message":"GET /api/user-status","service":"portal-jogos-service","timestamp":"2026-02-09 10:07:56"}
{"level":"info","message":"GET /api/games","service":"portal-jogos-service","timestamp":"2026-02-09 10:07:56"}
{"level":"info","message":"GET /assets/imagens/quiz.webp","service":"portal-jogos-service","timestamp":"2026-02-09 10:07:56"}
{"level":"info","message":"GET /api/user-status","service":"portal-jogos-service","timestamp":"2026-02-09 10:07:57"}
{"level":"info","message":"OPTIONS /api/login","service":"portal-jogos-service","timestamp":"2026-02-09 10:08:07"}
{"level":"info","message":"POST /api/login","service":"portal-jogos-service","timestamp":"2026-02-09 10:08:07"}
{"level":"info","message":"OPTIONS /api/login","service":"portal-jogos-service","timestamp":"2026-02-09 10:08:14"}
{"level":"info","message":"POST /api/login","service":"portal-jogos-service","timestamp":"2026-02-09 10:08:14"}
{"level":"info","message":"GET /api/user-status","service":"portal-jogos-service","timestamp":"2026-02-09 10:08:15"}
{"level":"info","message":"GET /api/games","service":"portal-jogos-service","timestamp":"2026-02-09 10:08:15"}
{"level":"info","message":"GET /api/games","service":"portal-jogos-service","timestamp":"2026-02-09 10:08:15"}
{"level":"info","message":"GET /assets/imagens/quiz.webp","service":"portal-jogos-service","timestamp":"2026-02-09 10:08:15"}
{"level":"info","message":"POST /api/logout","service":"portal-jogos-service","timestamp":"2026-02-09 10:08:43"}
{"level":"info","message":"GET /api/user-status","service":"portal-jogos-service","timestamp":"2026-02-09 10:08:45"}
{"level":"info","message":"GET /api/games","service":"portal-jogos-service","timestamp":"2026-02-09 10:08:45"}
{"level":"info","message":"GET /assets/imagens/quiz.webp","service":"portal-jogos-service","timestamp":"2026-02-09 10:08:46"}
{"level":"info","message":"GET /api/user-status","service":"portal-jogos-service","timestamp":"2026-02-09 10:08:47"}
{"level":"info","message":"OPTIONS /api/login","service":"portal-jogos-service","timestamp":"2026-02-09 10:08:52"}
{"level":"info","message":"POST /api/login","service":"portal-jogos-service","timestamp":"2026-02-09 10:08:52"}
{"level":"info","message":"OPTIONS /api/login","service":"portal-jogos-service","timestamp":"2026-02-09 10:09:01"}
{"level":"info","message":"POST /api/login","service":"portal-jogos-service","timestamp":"2026-02-09 10:09:01"}
{"level":"info","message":"OPTIONS /api/login","service":"portal-jogos-service","timestamp":"2026-02-09 10:09:08"}
{"level":"info","message":"POST /api/login","service":"portal-jogos-service","timestamp":"2026-02-09 10:09:08"}
{"level":"info","message":"OPTIONS /api/login","service":"portal-jogos-service","timestamp":"2026-02-09 10:09:14"}
{"level":"info","message":"POST /api/login","service":"portal-jogos-service","timestamp":"2026-02-09 10:09:14"}
{"level":"info","message":"GET /api/user-status","service":"portal-jogos-service","timestamp":"2026-02-09 10:09:15"}
{"level":"info","message":"GET /api/games","service":"portal-jogos-service","timestamp":"2026-02-09 10:09:15"}
{"level":"info","message":"GET /api/games","service":"portal-jogos-service","timestamp":"2026-02-09 10:09:15"}
{"level":"info","message":"GET /assets/imagens/quiz.webp","service":"portal-jogos-service","timestamp":"2026-02-09 10:09:15"}
{"level":"info","message":"GET /api/profile","service":"portal-jogos-service","timestamp":"2026-02-09 10:09:41"}
{"level":"info","message":"GET /api/user-status","service":"portal-jogos-service","timestamp":"2026-02-09 10:09:41"}
{"level":"info","message":"GET /api/profile","service":"portal-jogos-service","timestamp":"2026-02-09 10:09:42"}
{"level":"info","message":"GET /api/user-status","service":"portal-jogos-service","timestamp":"2026-02-09 10:09:49"}
{"level":"info","message":"GET /api/games","service":"portal-jogos-service","timestamp":"2026-02-09 10:09:49"}
{"level":"info","message":"GET /api/games","service":"portal-jogos-service","timestamp":"2026-02-09 10:09:49"}
{"level":"info","message":"GET /assets/imagens/quiz.webp","service":"portal-jogos-service","timestamp":"2026-02-09 10:09:49"}
{"level":"info","message":"GET /games.json","service":"portal-jogos-service","timestamp":"2026-02-09 10:11:30"}
{"level":"info","message":"GET /api/user-status","service":"portal-jogos-service","timestamp":"2026-02-09 10:11:30"}
{"level":"info","message":"GET /games.json","service":"portal-jogos-service","timestamp":"2026-02-09 10:11:31"}
{"level":"info","message":"OPTIONS /api/game-start","service":"portal-jogos-service","timestamp":"2026-02-09 10:11:31"}
{"level":"info","message":"POST /api/game-start","service":"portal-jogos-service","timestamp":"2026-02-09 10:11:31"}
{"level":"info","message":"POST /api/game-start","service":"portal-jogos-service","timestamp":"2026-02-09 10:11:31"}
{"level":"info","message":"GET /api/user-status","service":"portal-jogos-service","timestamp":"2026-02-09 10:11:51"}
{"level":"info","message":"GET /api/games","service":"portal-jogos-service","timestamp":"2026-02-09 10:11:51"}
{"level":"info","message":"GET /api/games","service":"portal-jogos-service","timestamp":"2026-02-09 10:11:51"}
{"level":"info","message":"GET /assets/imagens/quiz.webp","service":"portal-jogos-service","timestamp":"2026-02-09 10:11:52"}
{"level":"info","message":"POST /api/logout","service":"portal-jogos-service","timestamp":"2026-02-09 10:12:05"}
{"level":"info","message":"GET /api/games","service":"portal-jogos-service","timestamp":"2026-02-09 10:12:10"}
{"level":"info","message":"GET /api/user-status","service":"portal-jogos-service","timestamp":"2026-02-09 10:12:10"}
{"level":"info","message":"GET /assets/imagens/quiz.webp","service":"portal-jogos-service","timestamp":"2026-02-09 10:12:11"}
{"level":"info","message":"GET /api/user-status","service":"portal-jogos-service","timestamp":"2026-02-09 10:12:16"}
{"level":"info","message":"OPTIONS /api/register","service":"portal-jogos-service","timestamp":"2026-02-09 10:12:32"}
{"level":"info","message":"POST /api/register","service":"portal-jogos-service","timestamp":"2026-02-09 10:12:33"}
{"level":"info","message":"GET /api/user-status","service":"portal-jogos-service","timestamp":"2026-02-09 10:12:38"}
{"level":"info","message":"OPTIONS /api/login","service":"portal-jogos-service","timestamp":"2026-02-09 10:12:48"}
{"level":"info","message":"POST /api/login","service":"portal-jogos-service","timestamp":"2026-02-09 10:12:48"}
{"level":"info","message":"GET /api/user-status","service":"portal-jogos-service","timestamp":"2026-02-09 10:12:50"}
{"level":"info","message":"GET /api/games","service":"portal-jogos-service","timestamp":"2026-02-09 10:12:51"}
{"level":"info","message":"GET /api/games","service":"portal-jogos-service","timestamp":"2026-02-09 10:12:51"}
{"level":"info","message":"GET /assets/imagens/quiz.webp","service":"portal-jogos-service","timestamp":"2026-02-09 10:12:51"}
{"level":"info","message":"GET /api/user-status","service":"portal-jogos-service","timestamp":"2026-02-09 10:12:58"}
{"level":"info","message":"GET /games.json","service":"portal-jogos-service","timestamp":"2026-02-09 10:12:58"}
{"level":"info","message":"GET /games.json","service":"portal-jogos-service","timestamp":"2026-02-09 10:12:58"}
{"level":"info","message":"OPTIONS /api/game-start","service":"portal-jogos-service","timestamp":"2026-02-09 10:12:58"}
{"level":"info","message":"POST /api/game-start","service":"portal-jogos-service","timestamp":"2026-02-09 10:12:58"}
{"level":"info","message":"POST /api/game-start","service":"portal-jogos-service","timestamp":"2026-02-09 10:12:58"}
{"level":"info","message":"GET /api/user-status","service":"portal-jogos-service","timestamp":"2026-02-09 10:13:05"}
{"level":"info","message":"GET /api/games","service":"portal-jogos-service","timestamp":"2026-02-09 10:13:05"}
{"level":"info","message":"GET /api/games","service":"portal-jogos-service","timestamp":"2026-02-09 10:13:06"}
{"level":"info","message":"GET /api/user-status","service":"portal-jogos-service","timestamp":"2026-02-09 10:13:20"}
{"level":"info","message":"GET /games.json","service":"portal-jogos-service","timestamp":"2026-02-09 10:13:20"}
{"level":"info","message":"GET /games.json","service":"portal-jogos-service","timestamp":"2026-02-09 10:13:20"}
{"level":"info","message":"OPTIONS /api/game-start","service":"portal-jogos-service","timestamp":"2026-02-09 10:13:20"}
{"level":"info","message":"OPTIONS /api/game-start","service":"portal-jogos-service","timestamp":"2026-02-09 10:13:20"}
{"level":"info","message":"POST /api/game-start","service":"portal-jogos-service","timestamp":"2026-02-09 10:13:20"}
{"level":"info","message":"POST /api/game-start","service":"portal-jogos-service","timestamp":"2026-02-09 10:13:20"}
{"level":"info","message":"GET /api/games","service":"portal-jogos-service","timestamp":"2026-02-09 10:13:27"}
{"level":"info","message":"GET /api/user-status","service":"portal-jogos-service","timestamp":"2026-02-09 10:13:27"}
{"level":"info","message":"GET /api/games","service":"portal-jogos-service","timestamp":"2026-02-09 10:13:28"}
{"level":"info","message":"GET /api/user-status","service":"portal-jogos-service","timestamp":"2026-02-09 10:13:31"}
{"level":"info","message":"GET /games.json","service":"portal-jogos-service","timestamp":"2026-02-09 10:13:31"}
{"level":"info","message":"GET /games.json","service":"portal-jogos-service","timestamp":"2026-02-09 10:13:31"}
{"level":"info","message":"OPTIONS /api/game-start","service":"portal-jogos-service","timestamp":"2026-02-09 10:13:31"}
{"level":"info","message":"POST /api/game-start","service":"portal-jogos-service","timestamp":"2026-02-09 10:13:31"}
{"level":"info","message":"POST /api/game-start","service":"portal-jogos-service","timestamp":"2026-02-09 10:13:31"}
{"level":"info","message":"GET /api/user-status","service":"portal-jogos-service","timestamp":"2026-02-09 10:13:31"}
{"level":"info","message":"GET /api/user-status","service":"portal-jogos-service","timestamp":"2026-02-09 10:13:31"}
{"level":"info","message":"GET /api/games","service":"portal-jogos-service","timestamp":"2026-02-09 10:15:25"}
{"level":"info","message":"GET /api/user-status","service":"portal-jogos-service","timestamp":"2026-02-09 10:15:25"}
{"level":"info","message":"GET /api/games","service":"portal-jogos-service","timestamp":"2026-02-09 10:15:25"}
{"level":"info","message":"GET /assets/imagens/quiz.webp","service":"portal-jogos-service","timestamp":"2026-02-09 10:15:25"}
{"level":"info","message":"GET /api/user-status","service":"portal-jogos-service","timestamp":"2026-02-09 10:16:20"}
{"level":"info","message":"GET /games.json","service":"portal-jogos-service","timestamp":"2026-02-09 10:16:20"}
{"level":"info","message":"OPTIONS /api/game-start","service":"portal-jogos-service","timestamp":"2026-02-09 10:16:20"}
{"level":"info","message":"POST /api/game-start","service":"portal-jogos-service","timestamp":"2026-02-09 10:16:20"}
{"level":"info","message":"GET /games.json","service":"portal-jogos-service","timestamp":"2026-02-09 10:16:20"}
{"level":"info","message":"POST /api/game-start","service":"portal-jogos-service","timestamp":"2026-02-09 10:16:20"}
{"level":"info","message":"GET /api/user-status","service":"portal-jogos-service","timestamp":"2026-02-09 10:16:20"}
{"level":"info","message":"GET /api/user-status","service":"portal-jogos-service","timestamp":"2026-02-09 10:16:20"}
{"level":"info","message":"GET /api/user-status","service":"portal-jogos-service","timestamp":"2026-02-09 10:27:02"}
{"level":"info","message":"GET /api/games","service":"portal-jogos-service","timestamp":"2026-02-09 10:27:02"}
{"level":"info","message":"GET /api/games","service":"portal-jogos-service","timestamp":"2026-02-09 10:27:02"}
{"level":"info","message":"GET /assets/imagens/quiz.webp","service":"portal-jogos-service","timestamp":"2026-02-09 10:27:02"}
{"level":"info","message":"GET /api/user-status","service":"portal-jogos-service","timestamp":"2026-02-09 10:29:43"}
{"level":"info","message":"GET /api/games","service":"portal-jogos-service","timestamp":"2026-02-09 10:29:43"}
{"level":"info","message":"GET /assets/imagens/quiz.webp","service":"portal-jogos-service","timestamp":"2026-02-09 10:29:43"}
{"level":"info","message":"GET /api/user-status","service":"portal-jogos-service","timestamp":"2026-02-09 10:31:04"}
{"level":"info","message":"GET /api/games","service":"portal-jogos-service","timestamp":"2026-02-09 10:31:04"}
{"level":"info","message":"GET /assets/imagens/quiz.webp","service":"portal-jogos-service","timestamp":"2026-02-09 10:31:05"}
{"level":"info","message":"GET /api/games","service":"portal-jogos-service","timestamp":"2026-02-09 10:33:23"}
{"level":"info","message":"GET /api/user-status","service":"portal-jogos-service","timestamp":"2026-02-09 10:33:23"}
{"level":"info","message":"GET /assets/imagens/quiz.webp","service":"portal-jogos-service","timestamp":"2026-02-09 10:33:24"}
{"level":"info","message":"GET /api/user-status","service":"portal-jogos-service","timestamp":"2026-02-09 10:35:34"}
{"level":"info","message":"GET /api/games","service":"portal-jogos-service","timestamp":"2026-02-09 10:35:35"}
{"level":"info","message":"GET /assets/imagens/quiz.webp","service":"portal-jogos-service","timestamp":"2026-02-09 10:35:35"}
{"level":"info","message":"GET /api/user-status","service":"portal-jogos-service","timestamp":"2026-02-09 10:36:10"}
{"level":"info","message":"GET /api/games","service":"portal-jogos-service","timestamp":"2026-02-09 10:36:10"}
{"level":"info","message":"GET /assets/imagens/quiz.webp","service":"portal-jogos-service","timestamp":"2026-02-09 10:36:10"}
{"level":"info","message":"GET /api/games","service":"portal-jogos-service","timestamp":"2026-02-09 10:36:31"}
{"level":"info","message":"GET /api/user-status","service":"portal-jogos-service","timestamp":"2026-02-09 10:36:31"}
{"level":"info","message":"GET /assets/imagens/quiz.webp","service":"portal-jogos-service","timestamp":"2026-02-09 10:36:32"}
{"level":"info","message":"GET /api/user-status","service":"portal-jogos-service","timestamp":"2026-02-09 10:36:36"}
{"level":"info","message":"GET /games.json","service":"portal-jogos-service","timestamp":"2026-02-09 10:36:36"}
{"level":"info","message":"GET /games.json","service":"portal-jogos-service","timestamp":"2026-02-09 10:36:36"}
{"level":"info","message":"OPTIONS /api/game-start","service":"portal-jogos-service","timestamp":"2026-02-09 10:36:36"}
{"level":"info","message":"OPTIONS /api/game-start","service":"portal-jogos-service","timestamp":"2026-02-09 10:36:36"}
{"level":"info","message":"POST /api/game-start","service":"portal-jogos-service","timestamp":"2026-02-09 10:36:36"}
{"level":"info","message":"POST /api/game-start","service":"portal-jogos-service","timestamp":"2026-02-09 10:36:36"}
{"level":"info","message":"GET /api/user-status","service":"portal-jogos-service","timestamp":"2026-02-09 10:36:36"}
{"level":"info","message":"GET /api/user-status","service":"portal-jogos-service","timestamp":"2026-02-09 10:36:36"}
{"level":"info","message":"POST /api/logout","service":"portal-jogos-service","timestamp":"2026-02-09 10:37:12"}
{"level":"info","message":"GET /api/user-status","service":"portal-jogos-service","timestamp":"2026-02-09 10:37:15"}
{"level":"info","message":"GET /api/games","service":"portal-jogos-service","timestamp":"2026-02-09 10:37:15"}
{"level":"info","message":"GET /assets/imagens/quiz.webp","service":"portal-jogos-service","timestamp":"2026-02-09 10:37:15"}
{"level":"info","message":"GET /api/user-status","service":"portal-jogos-service","timestamp":"2026-02-09 10:37:20"}
{"level":"info","message":"OPTIONS /api/login","service":"portal-jogos-service","timestamp":"2026-02-09 10:38:00"}
{"level":"info","message":"POST /api/login","service":"portal-jogos-service","timestamp":"2026-02-09 10:38:00"}
{"level":"info","message":"Attempting to set up email service...","service":"portal-jogos-service","timestamp":"2026-02-22 22:06:39"}
{"level":"info","message":"Usando Postgres Session Store.","service":"portal-jogos-service","timestamp":"2026-02-22 22:06:39"}
{"level":"info","message":"Servidor rodando em http://localhost:3001","service":"portal-jogos-service","timestamp":"2026-02-22 22:06:39"}
{"level":"info","message":"Conectado ao banco de dados (production).","service":"portal-jogos-service","timestamp":"2026-02-22 22:06:39"}
{"level":"info","message":"Attempting to set up email service...","service":"portal-jogos-service","timestamp":"2026-02-22 22:10:31"}
{"level":"info","message":"Usando Postgres Session Store.","service":"portal-jogos-service","timestamp":"2026-02-22 22:10:31"}
{"level":"info","message":"Servidor rodando em http://localhost:3001","service":"portal-jogos-service","timestamp":"2026-02-22 22:10:31"}
{"level":"info","message":"Conectado ao banco de dados (production).","service":"portal-jogos-service","timestamp":"2026-02-22 22:10:32"}
{"level":"info","message":"Attempting to set up email service...","service":"portal-jogos-service","timestamp":"2026-02-22 22:11:45"}
{"level":"info","message":"Usando Postgres Session Store.","service":"portal-jogos-service","timestamp":"2026-02-22 22:11:45"}
{"level":"info","message":"Servidor rodando em http://localhost:3001","service":"portal-jogos-service","timestamp":"2026-02-22 22:11:45"}
{"level":"info","message":"Conectado ao banco de dados (production).","service":"portal-jogos-service","timestamp":"2026-02-22 22:11:46"}
{"level":"info","message":"Attempting to set up email service...","service":"portal-jogos-service","timestamp":"2026-02-22 22:12:27"}
{"level":"info","message":"Usando Postgres Session Store.","service":"portal-jogos-service","timestamp":"2026-02-22 22:12:27"}
{"level":"info","message":"Servidor rodando em http://localhost:3001","service":"portal-jogos-service","timestamp":"2026-02-22 22:12:27"}
{"level":"info","message":"Conectado ao banco de dados (production).","service":"portal-jogos-service","timestamp":"2026-02-22 22:12:28"}
{"level":"info","message":"Attempting to set up email service...","service":"portal-jogos-service","timestamp":"2026-02-22 22:13:17"}
{"level":"info","message":"Usando Postgres Session Store.","service":"portal-jogos-service","timestamp":"2026-02-22 22:13:17"}
{"level":"info","message":"Servidor rodando em http://localhost:3001","service":"portal-jogos-service","timestamp":"2026-02-22 22:13:17"}
{"level":"info","message":"Conectado ao banco de dados (production).","service":"portal-jogos-service","timestamp":"2026-02-22 22:13:20"}
{"level":"info","message":"Attempting to set up email service...","service":"portal-jogos-service","timestamp":"2026-02-22 22:14:44"}
{"level":"info","message":"Usando Postgres Session Store.","service":"portal-jogos-service","timestamp":"2026-02-22 22:14:44"}
{"level":"info","message":"Servidor rodando em http://localhost:3001","service":"portal-jogos-service","timestamp":"2026-02-22 22:14:44"}
{"level":"info","message":"Conectado ao banco de dados (production).","service":"portal-jogos-service","timestamp":"2026-02-22 22:14:45"}
{"level":"info","message":"Attempting to set up email service...","service":"portal-jogos-service","timestamp":"2026-02-22 22:18:55"}
{"level":"info","message":"Usando Postgres Session Store.","service":"portal-jogos-service","timestamp":"2026-02-22 22:18:55"}
{"level":"info","message":"Servidor rodando em http://localhost:3001","service":"portal-jogos-service","timestamp":"2026-02-22 22:18:55"}
{"level":"info","message":"Conectado ao banco de dados (production).","service":"portal-jogos-service","timestamp":"2026-02-22 22:18:56"}
{"level":"info","message":"GET /api/user-status","service":"portal-jogos-service","timestamp":"2026-02-22 22:19:58"}
{"level":"info","message":"GET /api/games","service":"portal-jogos-service","timestamp":"2026-02-22 22:19:58"}
{"level":"info","message":"GET /assets/imagens/quiz.webp","service":"portal-jogos-service","timestamp":"2026-02-22 22:19:59"}
{"level":"info","message":"GET /api/user-status","service":"portal-jogos-service","timestamp":"2026-02-22 22:20:24"}
{"level":"info","message":"OPTIONS /api/login","service":"portal-jogos-service","timestamp":"2026-02-22 22:20:47"}
{"level":"info","message":"POST /api/login","service":"portal-jogos-service","timestamp":"2026-02-22 22:20:47"}
{"level":"info","message":"GET /api/user-status","service":"portal-jogos-service","timestamp":"2026-02-22 22:20:49"}
{"level":"info","message":"GET /api/games","service":"portal-jogos-service","timestamp":"2026-02-22 22:20:49"}
{"level":"info","message":"GET /api/games","service":"portal-jogos-service","timestamp":"2026-02-22 22:20:49"}
{"level":"info","message":"GET /assets/imagens/quiz.webp","service":"portal-jogos-service","timestamp":"2026-02-22 22:20:49"}
{"level":"info","message":"POST /api/logout","service":"portal-jogos-service","timestamp":"2026-02-22 22:20:54"}
{"level":"info","message":"GET /api/user-status","service":"portal-jogos-service","timestamp":"2026-02-22 22:20:55"}
{"level":"info","message":"GET /api/games","service":"portal-jogos-service","timestamp":"2026-02-22 22:20:55"}
{"level":"info","message":"GET /assets/imagens/quiz.webp","service":"portal-jogos-service","timestamp":"2026-02-22 22:20:56"}
{"level":"info","message":"GET /api/user-status","service":"portal-jogos-service","timestamp":"2026-02-22 22:20:57"}
{"level":"info","message":"OPTIONS /api/login","service":"portal-jogos-service","timestamp":"2026-02-22 22:21:03"}
{"level":"info","message":"POST /api/login","service":"portal-jogos-service","timestamp":"2026-02-22 22:21:03"}
{"level":"info","message":"GET /api/user-status","service":"portal-jogos-service","timestamp":"2026-02-22 22:21:04"}
{"level":"info","message":"GET /api/games","service":"portal-jogos-service","timestamp":"2026-02-22 22:21:04"}
{"level":"info","message":"GET /api/games","service":"portal-jogos-service","timestamp":"2026-02-22 22:21:04"}
{"level":"info","message":"POST /api/logout","service":"portal-jogos-service","timestamp":"2026-02-22 22:21:07"}
{"level":"info","message":"GET /api/user-status","service":"portal-jogos-service","timestamp":"2026-02-22 22:21:09"}
{"level":"info","message":"GET /api/games","service":"portal-jogos-service","timestamp":"2026-02-22 22:21:09"}
{"level":"info","message":"GET /assets/imagens/quiz.webp","service":"portal-jogos-service","timestamp":"2026-02-22 22:21:09"}
{"level":"info","message":"GET /api/user-status","service":"portal-jogos-service","timestamp":"2026-02-22 22:21:10"}
{"level":"info","message":"OPTIONS /api/login","service":"portal-jogos-service","timestamp":"2026-02-22 22:21:20"}
{"level":"info","message":"POST /api/login","service":"portal-jogos-service","timestamp":"2026-02-22 22:21:21"}
{"level":"info","message":"OPTIONS /api/login","service":"portal-jogos-service","timestamp":"2026-02-22 22:21:35"}
{"level":"info","message":"POST /api/login","service":"portal-jogos-service","timestamp":"2026-02-22 22:21:35"}
{"level":"info","message":"OPTIONS /api/login","service":"portal-jogos-service","timestamp":"2026-02-22 22:21:54"}
{"level":"info","message":"POST /api/login","service":"portal-jogos-service","timestamp":"2026-02-22 22:21:54"}
{"level":"info","message":"GET /api/games","service":"portal-jogos-service","timestamp":"2026-02-22 22:21:55"}
{"level":"info","message":"GET /api/user-status","service":"portal-jogos-service","timestamp":"2026-02-22 22:21:55"}
{"level":"info","message":"GET /api/games","service":"portal-jogos-service","timestamp":"2026-02-22 22:21:55"}
{"level":"info","message":"GET /assets/imagens/quiz.webp","service":"portal-jogos-service","timestamp":"2026-02-22 22:21:55"}
{"level":"info","message":"GET /api/user-status","service":"portal-jogos-service","timestamp":"2026-02-22 22:21:59"}
{"level":"info","message":"GET /api/user-status","service":"portal-jogos-service","timestamp":"2026-02-22 22:21:59"}
{"level":"info","message":"GET /api/user-status","service":"portal-jogos-service","timestamp":"2026-02-22 22:21:59"}
{"level":"info","message":"GET /api/games","service":"portal-jogos-service","timestamp":"2026-02-22 22:22:01"}
{"level":"info","message":"GET /api/user-status","service":"portal-jogos-service","timestamp":"2026-02-22 22:22:01"}
{"level":"info","message":"GET /api/games","service":"portal-jogos-service","timestamp":"2026-02-22 22:22:01"}
{"level":"info","message":"GET /api/user-status","service":"portal-jogos-service","timestamp":"2026-02-22 22:22:05"}
{"level":"info","message":"GET /api/user-status","service":"portal-jogos-service","timestamp":"2026-02-22 22:23:55"}
{"level":"info","message":"GET /api/games","service":"portal-jogos-service","timestamp":"2026-02-22 22:23:55"}
{"level":"info","message":"GET /api/games","service":"portal-jogos-service","timestamp":"2026-02-22 22:23:55"}
{"level":"info","message":"GET /api/user-status","service":"portal-jogos-service","timestamp":"2026-02-22 22:24:03"}
{"level":"info","message":"GET /api/user-status","service":"portal-jogos-service","timestamp":"2026-02-22 22:24:03"}
{"level":"info","message":"GET /api/games","service":"portal-jogos-service","timestamp":"2026-02-22 22:24:04"}
{"level":"info","message":"GET /api/games","service":"portal-jogos-service","timestamp":"2026-02-22 22:24:04"}
{"level":"info","message":"GET /assets/imagens/quiz.webp","service":"portal-jogos-service","timestamp":"2026-02-22 22:24:04"}
{"level":"info","message":"GET /api/user-status","service":"portal-jogos-service","timestamp":"2026-02-22 22:33:47"}
{"level":"info","message":"GET /api/user-status","service":"portal-jogos-service","timestamp":"2026-02-22 22:33:49"}
{"level":"info","message":"GET /api/games","service":"portal-jogos-service","timestamp":"2026-02-22 22:33:49"}
{"level":"info","message":"GET /api/games","service":"portal-jogos-service","timestamp":"2026-02-22 22:33:49"}
{"level":"info","message":"GET /assets/imagens/quiz.webp","service":"portal-jogos-service","timestamp":"2026-02-22 22:33:49"}
{"level":"info","message":"Conectado ao banco de dados (production).","service":"portal-jogos-service","timestamp":"2026-02-22 22:35:19"}
{"level":"info","message":"GET /api/user-status","service":"portal-jogos-service","timestamp":"2026-02-22 22:35:53"}
{"level":"info","message":"GET /api/user-status","service":"portal-jogos-service","timestamp":"2026-02-22 22:35:58"}
{"level":"info","message":"GET /api/games","service":"portal-jogos-service","timestamp":"2026-02-22 22:35:59"}
{"level":"info","message":"GET /api/games","service":"portal-jogos-service","timestamp":"2026-02-22 22:35:59"}
{"level":"info","message":"GET /assets/imagens/bingo-matematico.webp","service":"portal-jogos-service","timestamp":"2026-02-22 22:35:59"}
{"level":"info","message":"GET /assets/imagens/quiz.webp","service":"portal-jogos-service","timestamp":"2026-02-22 22:35:59"}
{"level":"info","message":"GET /api/user-status","service":"portal-jogos-service","timestamp":"2026-02-22 22:38:00"}
{"level":"info","message":"GET /api/user-status","service":"portal-jogos-service","timestamp":"2026-02-22 22:38:01"}
{"level":"info","message":"GET /api/games","service":"portal-jogos-service","timestamp":"2026-02-22 22:38:02"}
{"level":"info","message":"GET /api/games","service":"portal-jogos-service","timestamp":"2026-02-22 22:38:02"}
{"level":"info","message":"GET /assets/imagens/bingo-matematico.webp","service":"portal-jogos-service","timestamp":"2026-02-22 22:38:02"}
{"level":"info","message":"GET /assets/imagens/quiz.webp","service":"portal-jogos-service","timestamp":"2026-02-22 22:38:02"}
{"level":"info","message":"GET /api/user-status","service":"portal-jogos-service","timestamp":"2026-02-22 22:38:13"}
{"level":"info","message":"GET /api/games","service":"portal-jogos-service","timestamp":"2026-02-22 22:38:13"}
{"level":"info","message":"GET /api/games","service":"portal-jogos-service","timestamp":"2026-02-22 22:38:14"}
{"level":"info","message":"GET /api/user-status","service":"portal-jogos-service","timestamp":"2026-02-22 22:38:29"}
{"level":"info","message":"GET /games.json","service":"portal-jogos-service","timestamp":"2026-02-22 22:38:29"}
{"level":"info","message":"OPTIONS /api/game-start","service":"portal-jogos-service","timestamp":"2026-02-22 22:38:29"}
{"level":"info","message":"POST /api/game-start","service":"portal-jogos-service","timestamp":"2026-02-22 22:38:29"}
{"level":"info","message":"GET /api/user-status","service":"portal-jogos-service","timestamp":"2026-02-22 22:38:30"}
{"level":"info","message":"GET /api/user-status","service":"portal-jogos-service","timestamp":"2026-02-22 22:38:56"}
{"level":"info","message":"GET /api/games","service":"portal-jogos-service","timestamp":"2026-02-22 22:38:56"}
{"level":"info","message":"GET /api/games","service":"portal-jogos-service","timestamp":"2026-02-22 22:38:56"}
{"level":"info","message":"GET /api/user-status","service":"portal-jogos-service","timestamp":"2026-02-23 05:11:12"}
{"level":"info","message":"GET /api/user-status","service":"portal-jogos-service","timestamp":"2026-02-23 05:11:12"}
{"level":"info","message":"GET /api/user-status","service":"portal-jogos-service","timestamp":"2026-02-23 05:11:12"}
{"level":"info","message":"GET /api/user-status","service":"portal-jogos-service","timestamp":"2026-02-23 05:11:13"}
{"level":"info","message":"GET /api/games","service":"portal-jogos-service","timestamp":"2026-02-23 05:11:13"}
{"level":"info","message":"GET /api/games","service":"portal-jogos-service","timestamp":"2026-02-23 05:11:13"}
{"level":"info","message":"GET /assets/imagens/bingo-matematico.webp","service":"portal-jogos-service","timestamp":"2026-02-23 05:11:13"}
{"level":"info","message":"GET /assets/imagens/quiz.webp","service":"portal-jogos-service","timestamp":"2026-02-23 05:11:13"}
{"level":"info","message":"GET /api/user-status","service":"portal-jogos-service","timestamp":"2026-02-23 05:11:21"}
{"level":"info","message":"GET /api/games","service":"portal-jogos-service","timestamp":"2026-02-23 05:11:21"}
{"level":"info","message":"GET /api/games","service":"portal-jogos-service","timestamp":"2026-02-23 05:11:21"}
{"level":"info","message":"Attempting to set up email service...","service":"portal-jogos-service","timestamp":"2026-02-23 06:03:23"}
{"level":"info","message":"Usando Postgres Session Store.","service":"portal-jogos-service","timestamp":"2026-02-23 06:03:23"}
{"level":"info","message":"Servidor rodando em http://localhost:3001","service":"portal-jogos-service","timestamp":"2026-02-23 06:03:23"}
{"level":"info","message":"Conectado ao banco de dados (production).","service":"portal-jogos-service","timestamp":"2026-02-23 06:03:24"}
{"level":"info","message":"GET /api/user-status","service":"portal-jogos-service","timestamp":"2026-02-23 06:03:40"}
{"level":"info","message":"GET /api/games","service":"portal-jogos-service","timestamp":"2026-02-23 06:03:40"}
{"level":"info","message":"GET /assets/imagens/bingo-matematico.webp","service":"portal-jogos-service","timestamp":"2026-02-23 06:03:41"}
{"level":"info","message":"GET /assets/imagens/quiz.webp","service":"portal-jogos-service","timestamp":"2026-02-23 06:03:41"}
{"level":"info","message":"GET /api/user-status","service":"portal-jogos-service","timestamp":"2026-02-23 06:03:52"}
{"level":"info","message":"GET /api/user-status","service":"portal-jogos-service","timestamp":"2026-02-23 06:03:53"}
{"level":"info","message":"GET /api/user-status","service":"portal-jogos-service","timestamp":"2026-02-23 06:03:53"}
{"level":"info","message":"GET /api/games","service":"portal-jogos-service","timestamp":"2026-02-23 06:03:54"}
{"level":"info","message":"GET /api/user-status","service":"portal-jogos-service","timestamp":"2026-02-23 06:03:54"}
{"level":"info","message":"GET /api/games","service":"portal-jogos-service","timestamp":"2026-02-23 06:03:54"}
{"level":"info","message":"Conectado ao banco de dados (production).","service":"portal-jogos-service","timestamp":"2026-02-23 06:05:10"}
{"level":"info","message":"GET /api/user-status","service":"portal-jogos-service","timestamp":"2026-02-23 06:07:13"}
{"level":"info","message":"GET /api/user-status","service":"portal-jogos-service","timestamp":"2026-02-23 06:07:14"}
{"level":"info","message":"GET /api/games","service":"portal-jogos-service","timestamp":"2026-02-23 06:07:14"}
{"level":"info","message":"GET /api/games","service":"portal-jogos-service","timestamp":"2026-02-23 06:07:14"}
{"level":"info","message":"GET /assets/imagens/app-inclusivo.png","service":"portal-jogos-service","timestamp":"2026-02-23 06:07:14"}
{"level":"info","message":"GET /assets/imagens/ditado-maluco.png","service":"portal-jogos-service","timestamp":"2026-02-23 06:07:14"}
{"level":"info","message":"GET /assets/imagens/jogo-alfabetico.png","service":"portal-jogos-service","timestamp":"2026-02-23 06:07:14"}
{"level":"info","message":"GET /assets/imagens/bingo-matematico.webp","service":"portal-jogos-service","timestamp":"2026-02-23 06:07:14"}
{"level":"info","message":"GET /assets/imagens/jogos-intuitivos.png","service":"portal-jogos-service","timestamp":"2026-02-23 06:07:14"}
{"level":"info","message":"GET /assets/imagens/joguinho.png","service":"portal-jogos-service","timestamp":"2026-02-23 06:07:14"}
{"level":"info","message":"GET /assets/imagens/jornada-do-saber.png","service":"portal-jogos-service","timestamp":"2026-02-23 06:07:14"}
{"level":"info","message":"GET /assets/imagens/quiz.webp","service":"portal-jogos-service","timestamp":"2026-02-23 06:07:15"}
{"level":"info","message":"GET /api/user-status","service":"portal-jogos-service","timestamp":"2026-02-23 06:07:47"}
{"level":"info","message":"GET /api/games","service":"portal-jogos-service","timestamp":"2026-02-23 06:07:47"}
{"level":"info","message":"GET /api/games","service":"portal-jogos-service","timestamp":"2026-02-23 06:07:47"}
{"level":"info","message":"GET /api/user-status","service":"portal-jogos-service","timestamp":"2026-02-23 06:08:27"}
{"level":"info","message":"GET /api/user-status","service":"portal-jogos-service","timestamp":"2026-02-23 06:08:28"}
{"level":"info","message":"GET /api/user-status","service":"portal-jogos-service","timestamp":"2026-02-23 06:08:28"}
{"level":"info","message":"GET /api/user-status","service":"portal-jogos-service","timestamp":"2026-02-23 06:08:28"}
{"level":"info","message":"GET /api/games","service":"portal-jogos-service","timestamp":"2026-02-23 06:08:28"}
{"level":"info","message":"GET /api/games","service":"portal-jogos-service","timestamp":"2026-02-23 06:08:28"}
{"level":"info","message":"GET /api/user-status","service":"portal-jogos-service","timestamp":"2026-02-23 06:08:35"}
{"level":"info","message":"GET /api/games","service":"portal-jogos-service","timestamp":"2026-02-23 06:08:35"}
{"level":"info","message":"GET /api/games","service":"portal-jogos-service","timestamp":"2026-02-23 06:08:36"}
{"level":"info","message":"OPTIONS /api/games/tabela-periodica-bingo","service":"portal-jogos-service","timestamp":"2026-02-23 06:08:42"}
{"level":"info","message":"PUT /api/games/tabela-periodica-bingo","service":"portal-jogos-service","timestamp":"2026-02-23 06:08:42"}
{"level":"info","message":"GET /api/user-status","service":"portal-jogos-service","timestamp":"2026-02-23 06:08:43"}
{"level":"info","message":"GET /api/games","service":"portal-jogos-service","timestamp":"2026-02-23 06:08:43"}
{"level":"info","message":"GET /api/games","service":"portal-jogos-service","timestamp":"2026-02-23 06:08:43"}
{"level":"info","message":"GET /assets/imagens/app-inclusivo.png","service":"portal-jogos-service","timestamp":"2026-02-23 06:08:43"}
{"level":"info","message":"GET /assets/imagens/bingo-matematico.webp","service":"portal-jogos-service","timestamp":"2026-02-23 06:08:43"}
{"level":"info","message":"GET /assets/imagens/ditado-maluco.png","service":"portal-jogos-service","timestamp":"2026-02-23 06:08:43"}
{"level":"info","message":"GET /assets/imagens/jogo-alfabetico.png","service":"portal-jogos-service","timestamp":"2026-02-23 06:08:43"}
{"level":"info","message":"GET /assets/imagens/jogos-intuitivos.png","service":"portal-jogos-service","timestamp":"2026-02-23 06:08:43"}
{"level":"info","message":"GET /assets/imagens/joguinho.png","service":"portal-jogos-service","timestamp":"2026-02-23 06:08:43"}
{"level":"info","message":"GET /assets/imagens/jornada-do-saber.png","service":"portal-jogos-service","timestamp":"2026-02-23 06:08:44"}
{"level":"info","message":"GET /assets/imagens/quiz.webp","service":"portal-jogos-service","timestamp":"2026-02-23 06:08:44"}
{"level":"info","message":"GET /api/user-status","service":"portal-jogos-service","timestamp":"2026-02-23 06:08:47"}
{"level":"info","message":"GET /api/games","service":"portal-jogos-service","timestamp":"2026-02-23 06:08:47"}
{"level":"info","message":"GET /api/games","service":"portal-jogos-service","timestamp":"2026-02-23 06:08:47"}
{"level":"info","message":"OPTIONS /api/games/bingo-matematico","service":"portal-jogos-service","timestamp":"2026-02-23 06:08:50"}
{"level":"info","message":"PUT /api/games/bingo-matematico","service":"portal-jogos-service","timestamp":"2026-02-23 06:08:50"}
{"level":"info","message":"GET /api/games","service":"portal-jogos-service","timestamp":"2026-02-23 06:08:51"}
{"level":"info","message":"GET /api/user-status","service":"portal-jogos-service","timestamp":"2026-02-23 06:08:51"}
{"level":"info","message":"GET /api/games","service":"portal-jogos-service","timestamp":"2026-02-23 06:08:51"}
{"level":"info","message":"GET /api/user-status","service":"portal-jogos-service","timestamp":"2026-02-23 06:09:01"}
{"level":"info","message":"GET /api/games","service":"portal-jogos-service","timestamp":"2026-02-23 06:09:01"}
{"level":"info","message":"GET /api/games","service":"portal-jogos-service","timestamp":"2026-02-23 06:09:02"}
{"level":"info","message":"OPTIONS /api/games/roda-a-roda","service":"portal-jogos-service","timestamp":"2026-02-23 06:09:04"}
{"level":"info","message":"PUT /api/games/roda-a-roda","service":"portal-jogos-service","timestamp":"2026-02-23 06:09:04"}
{"level":"info","message":"GET /api/user-status","service":"portal-jogos-service","timestamp":"2026-02-23 06:09:05"}
{"level":"info","message":"GET /api/games","service":"portal-jogos-service","timestamp":"2026-02-23 06:09:05"}
{"level":"info","message":"GET /api/games","service":"portal-jogos-service","timestamp":"2026-02-23 06:09:05"}
{"level":"info","message":"GET /assets/imagens/bingo-matematico.webp","service":"portal-jogos-service","timestamp":"2026-02-23 06:09:05"}
{"level":"info","message":"GET /assets/imagens/app-inclusivo.png","service":"portal-jogos-service","timestamp":"2026-02-23 06:09:05"}
{"level":"info","message":"GET /assets/imagens/ditado-maluco.png","service":"portal-jogos-service","timestamp":"2026-02-23 06:09:05"}
{"level":"info","message":"GET /assets/imagens/jogo-alfabetico.png","service":"portal-jogos-service","timestamp":"2026-02-23 06:09:05"}
{"level":"info","message":"GET /assets/imagens/jogos-intuitivos.png","service":"portal-jogos-service","timestamp":"2026-02-23 06:09:05"}
{"level":"info","message":"GET /assets/imagens/joguinho.png","service":"portal-jogos-service","timestamp":"2026-02-23 06:09:05"}
{"level":"info","message":"GET /assets/imagens/jornada-do-saber.png","service":"portal-jogos-service","timestamp":"2026-02-23 06:09:05"}
{"level":"info","message":"GET /assets/imagens/quiz.webp","service":"portal-jogos-service","timestamp":"2026-02-23 06:09:05"}
{"level":"info","message":"GET /api/user-status","service":"portal-jogos-service","timestamp":"2026-02-23 06:09:09"}
{"level":"info","message":"GET /api/games","service":"portal-jogos-service","timestamp":"2026-02-23 06:09:09"}
{"level":"info","message":"GET /api/games","service":"portal-jogos-service","timestamp":"2026-02-23 06:09:09"}
{"level":"info","message":"OPTIONS /api/games/quiz-educacional","service":"portal-jogos-service","timestamp":"2026-02-23 06:09:12"}
{"level":"info","message":"PUT /api/games/quiz-educacional","service":"portal-jogos-service","timestamp":"2026-02-23 06:09:12"}
{"level":"info","message":"GET /api/games","service":"portal-jogos-service","timestamp":"2026-02-23 06:09:13"}
{"level":"info","message":"GET /api/user-status","service":"portal-jogos-service","timestamp":"2026-02-23 06:09:13"}
{"level":"info","message":"GET /api/games","service":"portal-jogos-service","timestamp":"2026-02-23 06:09:13"}
{"level":"info","message":"GET /api/user-status","service":"portal-jogos-service","timestamp":"2026-02-23 06:09:17"}
{"level":"info","message":"GET /api/admin/users?page=1&limit=20&search=","service":"portal-jogos-service","timestamp":"2026-02-23 06:09:18"}
{"level":"info","message":"GET /api/admin/settings","service":"portal-jogos-service","timestamp":"2026-02-23 06:09:22"}
{"level":"info","message":"GET /api/user-status","service":"portal-jogos-service","timestamp":"2026-02-23 06:09:22"}
{"level":"info","message":"GET /api/admin/settings","service":"portal-jogos-service","timestamp":"2026-02-23 06:09:22"}
{"level":"info","message":"GET /api/user-status","service":"portal-jogos-service","timestamp":"2026-02-23 06:09:36"}
{"level":"info","message":"GET /api/games","service":"portal-jogos-service","timestamp":"2026-02-23 06:09:36"}
{"level":"info","message":"GET /api/games","service":"portal-jogos-service","timestamp":"2026-02-23 06:09:36"}
{"level":"info","message":"GET /assets/imagens/bingo-matematico.webp","service":"portal-jogos-service","timestamp":"2026-02-23 06:09:36"}
{"level":"info","message":"GET /assets/imagens/quiz.webp","service":"portal-jogos-service","timestamp":"2026-02-23 06:09:36"}
{"level":"info","message":"GET /assets/imagens/app-inclusivo.png","service":"portal-jogos-service","timestamp":"2026-02-23 06:09:36"}
{"level":"info","message":"GET /assets/imagens/ditado-maluco.png","service":"portal-jogos-service","timestamp":"2026-02-23 06:09:36"}
{"level":"info","message":"GET /assets/imagens/jogo-alfabetico.png","service":"portal-jogos-service","timestamp":"2026-02-23 06:09:36"}
{"level":"info","message":"GET /assets/imagens/jogos-intuitivos.png","service":"portal-jogos-service","timestamp":"2026-02-23 06:09:37"}
{"level":"info","message":"GET /assets/imagens/joguinho.png","service":"portal-jogos-service","timestamp":"2026-02-23 06:09:37"}
{"level":"info","message":"GET /assets/imagens/jornada-do-saber.png","service":"portal-jogos-service","timestamp":"2026-02-23 06:09:37"}
{"level":"info","message":"Attempting to set up email service...","service":"portal-jogos-service","timestamp":"2026-02-23 06:21:11"}
{"level":"info","message":"Usando Postgres Session Store.","service":"portal-jogos-service","timestamp":"2026-02-23 06:21:11"}
{"level":"info","message":"Servidor rodando em http://localhost:3001","service":"portal-jogos-service","timestamp":"2026-02-23 06:21:11"}
{"level":"info","message":"Conectado ao banco de dados (production).","service":"portal-jogos-service","timestamp":"2026-02-23 06:21:11"}
{"level":"info","message":"Conectado ao banco de dados (production).","service":"portal-jogos-service","timestamp":"2026-02-23 06:21:37"}
{"level":"info","message":"GET /api/user-status","service":"portal-jogos-service","timestamp":"2026-02-23 12:40:22"}
{"level":"info","message":"GET /api/games","service":"portal-jogos-service","timestamp":"2026-02-23 12:40:22"}
{"level":"info","message":"GET /assets/imagens/bingo-matematico.webp","service":"portal-jogos-service","timestamp":"2026-02-23 12:40:22"}
{"level":"info","message":"GET /assets/imagens/app-inclusivo.png","service":"portal-jogos-service","timestamp":"2026-02-23 12:40:22"}
{"level":"info","message":"GET /assets/imagens/joguinho.png","service":"portal-jogos-service","timestamp":"2026-02-23 12:40:22"}
{"level":"info","message":"GET /assets/imagens/ditado-maluco.png","service":"portal-jogos-service","timestamp":"2026-02-23 12:40:22"}
{"level":"info","message":"GET /assets/imagens/jogos-intuitivos.png","service":"portal-jogos-service","timestamp":"2026-02-23 12:40:22"}
{"level":"info","message":"GET /assets/imagens/jornada-do-saber.png","service":"portal-jogos-service","timestamp":"2026-02-23 12:40:23"}
{"level":"info","message":"GET /assets/imagens/jogo-alfabetico.png","service":"portal-jogos-service","timestamp":"2026-02-23 12:40:23"}
{"level":"info","message":"GET /assets/imagens/quiz.webp","service":"portal-jogos-service","timestamp":"2026-02-23 12:40:23"}
{"level":"info","message":"GET /api/user-status","service":"portal-jogos-service","timestamp":"2026-02-23 12:41:14"}
{"level":"info","message":"GET /games.json","service":"portal-jogos-service","timestamp":"2026-02-23 12:41:14"}
{"level":"info","message":"OPTIONS /api/game-start","service":"portal-jogos-service","timestamp":"2026-02-23 12:41:14"}
{"level":"info","message":"POST /api/game-start","service":"portal-jogos-service","timestamp":"2026-02-23 12:41:14"}
{"level":"info","message":"GET /api/user-status","service":"portal-jogos-service","timestamp":"2026-02-23 12:41:16"}
{"level":"info","message":"GET /api/games","service":"portal-jogos-service","timestamp":"2026-02-23 12:42:51"}
{"level":"info","message":"GET /api/user-status","service":"portal-jogos-service","timestamp":"2026-02-23 12:42:51"}
{"level":"info","message":"GET /api/games","service":"portal-jogos-service","timestamp":"2026-02-23 12:42:51"}
{"level":"info","message":"GET /api/user-status","service":"portal-jogos-service","timestamp":"2026-02-23 12:42:56"}
{"level":"info","message":"GET /api/user-status","service":"portal-jogos-service","timestamp":"2026-02-23 12:42:56"}
{"level":"info","message":"GET /api/user-status","service":"portal-jogos-service","timestamp":"2026-02-23 12:42:56"}
{"level":"info","message":"GET /api/user-status","service":"portal-jogos-service","timestamp":"2026-02-23 12:42:57"}
{"level":"info","message":"GET /api/games","service":"portal-jogos-service","timestamp":"2026-02-23 12:42:57"}
{"level":"info","message":"GET /api/games","service":"portal-jogos-service","timestamp":"2026-02-23 12:42:57"}
{"level":"info","message":"GET /api/user-status","service":"portal-jogos-service","timestamp":"2026-02-23 12:43:04"}
{"level":"info","message":"GET /api/games","service":"portal-jogos-service","timestamp":"2026-02-23 12:43:04"}
{"level":"info","message":"GET /api/games","service":"portal-jogos-service","timestamp":"2026-02-23 12:43:04"}
{"level":"info","message":"OPTIONS /api/games/roda-a-roda","service":"portal-jogos-service","timestamp":"2026-02-23 12:43:06"}
{"level":"info","message":"PUT /api/games/roda-a-roda","service":"portal-jogos-service","timestamp":"2026-02-23 12:43:06"}
{"level":"info","message":"GET /api/user-status","service":"portal-jogos-service","timestamp":"2026-02-23 12:43:07"}
{"level":"info","message":"GET /api/games","service":"portal-jogos-service","timestamp":"2026-02-23 12:43:07"}
{"level":"info","message":"GET /api/games","service":"portal-jogos-service","timestamp":"2026-02-23 12:43:07"}
{"level":"info","message":"GET /api/user-status","service":"portal-jogos-service","timestamp":"2026-02-23 12:43:09"}
{"level":"info","message":"GET /api/games","service":"portal-jogos-service","timestamp":"2026-02-23 12:43:09"}
{"level":"info","message":"GET /api/games","service":"portal-jogos-service","timestamp":"2026-02-23 12:43:10"}
{"level":"info","message":"PUT /api/games/roda-a-roda","service":"portal-jogos-service","timestamp":"2026-02-23 12:43:11"}
{"level":"info","message":"GET /api/user-status","service":"portal-jogos-service","timestamp":"2026-02-23 12:43:12"}
{"level":"info","message":"GET /api/games","service":"portal-jogos-service","timestamp":"2026-02-23 12:43:12"}
{"level":"info","message":"GET /api/games","service":"portal-jogos-service","timestamp":"2026-02-23 12:43:12"}
{"level":"info","message":"GET /api/user-status","service":"portal-jogos-service","timestamp":"2026-02-23 12:43:15"}
{"level":"info","message":"GET /api/games","service":"portal-jogos-service","timestamp":"2026-02-23 12:43:15"}
{"level":"info","message":"GET /api/games","service":"portal-jogos-service","timestamp":"2026-02-23 12:43:15"}
{"level":"info","message":"OPTIONS /api/games/tabela-periodica-bingo","service":"portal-jogos-service","timestamp":"2026-02-23 12:43:18"}
{"level":"info","message":"PUT /api/games/tabela-periodica-bingo","service":"portal-jogos-service","timestamp":"2026-02-23 12:43:18"}
{"level":"info","message":"GET /api/user-status","service":"portal-jogos-service","timestamp":"2026-02-23 12:43:18"}
{"level":"info","message":"GET /api/games","service":"portal-jogos-service","timestamp":"2026-02-23 12:43:18"}
{"level":"info","message":"GET /api/games","service":"portal-jogos-service","timestamp":"2026-02-23 12:43:18"}
{"level":"info","message":"GET /api/user-status","service":"portal-jogos-service","timestamp":"2026-02-23 12:43:20"}
{"level":"info","message":"GET /api/games","service":"portal-jogos-service","timestamp":"2026-02-23 12:43:20"}
{"level":"info","message":"GET /api/games","service":"portal-jogos-service","timestamp":"2026-02-23 12:43:20"}
{"level":"info","message":"OPTIONS /api/games/bingo-matematico","service":"portal-jogos-service","timestamp":"2026-02-23 12:43:22"}
{"level":"info","message":"PUT /api/games/bingo-matematico","service":"portal-jogos-service","timestamp":"2026-02-23 12:43:22"}
{"level":"info","message":"GET /api/games","service":"portal-jogos-service","timestamp":"2026-02-23 12:43:23"}
{"level":"info","message":"GET /api/user-status","service":"portal-jogos-service","timestamp":"2026-02-23 12:43:23"}
{"level":"info","message":"GET /api/games","service":"portal-jogos-service","timestamp":"2026-02-23 12:43:23"}
{"level":"info","message":"GET /assets/imagens/bingo-matematico.webp","service":"portal-jogos-service","timestamp":"2026-02-23 12:43:23"}
{"level":"info","message":"GET /assets/imagens/app-inclusivo.png","service":"portal-jogos-service","timestamp":"2026-02-23 12:43:23"}
{"level":"info","message":"GET /assets/imagens/joguinho.png","service":"portal-jogos-service","timestamp":"2026-02-23 12:43:23"}
{"level":"info","message":"GET /assets/imagens/ditado-maluco.png","service":"portal-jogos-service","timestamp":"2026-02-23 12:43:23"}
{"level":"info","message":"GET /assets/imagens/jogos-intuitivos.png","service":"portal-jogos-service","timestamp":"2026-02-23 12:43:23"}
{"level":"info","message":"GET /assets/imagens/jornada-do-saber.png","service":"portal-jogos-service","timestamp":"2026-02-23 12:43:23"}
{"level":"info","message":"GET /assets/imagens/jogo-alfabetico.png","service":"portal-jogos-service","timestamp":"2026-02-23 12:43:23"}
{"level":"info","message":"GET /assets/imagens/quiz.webp","service":"portal-jogos-service","timestamp":"2026-02-23 12:43:23"}
{"level":"info","message":"GET /api/games","service":"portal-jogos-service","timestamp":"2026-02-23 12:43:27"}
{"level":"info","message":"GET /api/user-status","service":"portal-jogos-service","timestamp":"2026-02-23 12:43:27"}
{"level":"info","message":"GET /api/games","service":"portal-jogos-service","timestamp":"2026-02-23 12:43:27"}
{"level":"info","message":"OPTIONS /api/games/bingo-matematico","service":"portal-jogos-service","timestamp":"2026-02-23 12:43:30"}
{"level":"info","message":"PUT /api/games/bingo-matematico","service":"portal-jogos-service","timestamp":"2026-02-23 12:43:30"}
{"level":"info","message":"GET /api/games","service":"portal-jogos-service","timestamp":"2026-02-23 12:43:30"}
{"level":"info","message":"GET /api/user-status","service":"portal-jogos-service","timestamp":"2026-02-23 12:43:30"}
{"level":"info","message":"GET /api/games","service":"portal-jogos-service","timestamp":"2026-02-23 12:43:30"}
{"level":"info","message":"GET /assets/imagens/bingo-matematico.webp","service":"portal-jogos-service","timestamp":"2026-02-23 12:43:30"}
{"level":"info","message":"GET /assets/imagens/app-inclusivo.png","service":"portal-jogos-service","timestamp":"2026-02-23 12:43:30"}
{"level":"info","message":"GET /assets/imagens/joguinho.png","service":"portal-jogos-service","timestamp":"2026-02-23 12:43:30"}
{"level":"info","message":"GET /assets/imagens/ditado-maluco.png","service":"portal-jogos-service","timestamp":"2026-02-23 12:43:30"}
{"level":"info","message":"GET /assets/imagens/jogos-intuitivos.png","service":"portal-jogos-service","timestamp":"2026-02-23 12:43:30"}
{"level":"info","message":"GET /assets/imagens/jornada-do-saber.png","service":"portal-jogos-service","timestamp":"2026-02-23 12:43:30"}
{"level":"info","message":"GET /assets/imagens/jogo-alfabetico.png","service":"portal-jogos-service","timestamp":"2026-02-23 12:43:30"}
{"level":"info","message":"GET /assets/imagens/quiz.webp","service":"portal-jogos-service","timestamp":"2026-02-23 12:43:30"}
{"level":"info","message":"GET /api/games","service":"portal-jogos-service","timestamp":"2026-02-23 12:43:36"}
{"level":"info","message":"GET /api/user-status","service":"portal-jogos-service","timestamp":"2026-02-23 12:43:36"}
{"level":"info","message":"GET /api/games","service":"portal-jogos-service","timestamp":"2026-02-23 12:43:36"}
{"level":"info","message":"OPTIONS /api/games/quiz-educacional","service":"portal-jogos-service","timestamp":"2026-02-23 12:43:39"}
{"level":"info","message":"PUT /api/games/quiz-educacional","service":"portal-jogos-service","timestamp":"2026-02-23 12:43:39"}
{"level":"info","message":"GET /api/user-status","service":"portal-jogos-service","timestamp":"2026-02-23 12:43:39"}
{"level":"info","message":"GET /api/games","service":"portal-jogos-service","timestamp":"2026-02-23 12:43:39"}
{"level":"info","message":"GET /api/games","service":"portal-jogos-service","timestamp":"2026-02-23 12:43:40"}
{"level":"info","message":"GET /assets/imagens/bingo-matematico.webp","service":"portal-jogos-service","timestamp":"2026-02-23 12:43:40"}
{"level":"info","message":"GET /assets/imagens/quiz.webp","service":"portal-jogos-service","timestamp":"2026-02-23 12:43:40"}
{"level":"info","message":"GET /assets/imagens/app-inclusivo.png","service":"portal-jogos-service","timestamp":"2026-02-23 12:43:40"}
{"level":"info","message":"GET /assets/imagens/joguinho.png","service":"portal-jogos-service","timestamp":"2026-02-23 12:43:40"}
{"level":"info","message":"GET /assets/imagens/ditado-maluco.png","service":"portal-jogos-service","timestamp":"2026-02-23 12:43:40"}
{"level":"info","message":"GET /assets/imagens/jogos-intuitivos.png","service":"portal-jogos-service","timestamp":"2026-02-23 12:43:40"}
{"level":"info","message":"GET /assets/imagens/jornada-do-saber.png","service":"portal-jogos-service","timestamp":"2026-02-23 12:43:40"}
{"level":"info","message":"GET /assets/imagens/jogo-alfabetico.png","service":"portal-jogos-service","timestamp":"2026-02-23 12:43:40"}
{"level":"info","message":"GET /api/user-status","service":"portal-jogos-service","timestamp":"2026-02-23 12:43:50"}
{"level":"info","message":"GET /api/games","service":"portal-jogos-service","timestamp":"2026-02-23 12:43:50"}
{"level":"info","message":"GET /api/games","service":"portal-jogos-service","timestamp":"2026-02-23 12:43:50"}
{"level":"info","message":"GET /api/user-status","service":"portal-jogos-service","timestamp":"2026-02-23 12:44:02"}
{"level":"info","message":"GET /api/user-status","service":"portal-jogos-service","timestamp":"2026-02-23 12:44:03"}
{"level":"info","message":"GET /api/user-status","service":"portal-jogos-service","timestamp":"2026-02-23 12:44:03"}
{"level":"info","message":"GET /api/user-status","service":"portal-jogos-service","timestamp":"2026-02-23 12:44:03"}
{"level":"info","message":"GET /api/games","service":"portal-jogos-service","timestamp":"2026-02-23 12:44:03"}
{"level":"info","message":"GET /api/games","service":"portal-jogos-service","timestamp":"2026-02-23 12:44:03"}
{"level":"info","message":"Attempting to set up email service...","service":"portal-jogos-service","timestamp":"2026-02-23 13:15:27"}
{"level":"info","message":"Usando Postgres Session Store.","service":"portal-jogos-service","timestamp":"2026-02-23 13:15:27"}
{"level":"info","message":"Servidor rodando em http://localhost:3001","service":"portal-jogos-service","timestamp":"2026-02-23 13:15:27"}
{"level":"info","message":"Conectado ao banco de dados (production).","service":"portal-jogos-service","timestamp":"2026-02-23 13:15:27"}
{"level":"info","message":"GET /api/user-status","service":"portal-jogos-service","timestamp":"2026-02-23 13:16:15"}
{"level":"info","message":"GET /api/games","service":"portal-jogos-service","timestamp":"2026-02-23 13:16:15"}
{"level":"info","message":"GET /api/games","service":"portal-jogos-service","timestamp":"2026-02-23 13:16:15"}
{"level":"info","message":"GET /games.json","service":"portal-jogos-service","timestamp":"2026-02-23 13:16:20"}
{"level":"info","message":"GET /api/user-status","service":"portal-jogos-service","timestamp":"2026-02-23 13:16:20"}
{"level":"info","message":"OPTIONS /api/game-start","service":"portal-jogos-service","timestamp":"2026-02-23 13:16:20"}
{"level":"info","message":"POST /api/game-start","service":"portal-jogos-service","timestamp":"2026-02-23 13:16:21"}
{"level":"info","message":"GET /api/user-status","service":"portal-jogos-service","timestamp":"2026-02-23 13:16:21"}
{"level":"info","message":"GET /api/user-status","service":"portal-jogos-service","timestamp":"2026-02-23 13:16:31"}
{"level":"info","message":"GET /games.json","service":"portal-jogos-service","timestamp":"2026-02-23 13:16:31"}
{"level":"info","message":"OPTIONS /api/game-start","service":"portal-jogos-service","timestamp":"2026-02-23 13:16:31"}
{"level":"info","message":"POST /api/game-start","service":"portal-jogos-service","timestamp":"2026-02-23 13:16:31"}
{"level":"info","message":"GET /api/user-status","service":"portal-jogos-service","timestamp":"2026-02-23 13:16:31"}
{"level":"info","message":"GET /api/user-status","service":"portal-jogos-service","timestamp":"2026-02-23 13:17:15"}
{"level":"info","message":"GET /api/games","service":"portal-jogos-service","timestamp":"2026-02-23 13:17:15"}
{"level":"info","message":"GET /api/games","service":"portal-jogos-service","timestamp":"2026-02-23 13:17:15"}
{"level":"info","message":"GET /assets/imagens/bingo-matematico.webp","service":"portal-jogos-service","timestamp":"2026-02-23 13:17:16"}
{"level":"info","message":"GET /assets/imagens/quiz.webp","service":"portal-jogos-service","timestamp":"2026-02-23 13:17:16"}
{"level":"info","message":"GET /assets/imagens/app-inclusivo.png","service":"portal-jogos-service","timestamp":"2026-02-23 13:17:16"}
{"level":"info","message":"GET /assets/imagens/joguinho.png","service":"portal-jogos-service","timestamp":"2026-02-23 13:17:16"}
{"level":"info","message":"GET /assets/imagens/ditado-maluco.png","service":"portal-jogos-service","timestamp":"2026-02-23 13:17:16"}
{"level":"info","message":"GET /assets/imagens/jogos-intuitivos.png","service":"portal-jogos-service","timestamp":"2026-02-23 13:17:16"}
{"level":"info","message":"GET /assets/imagens/jornada-do-saber.png","service":"portal-jogos-service","timestamp":"2026-02-23 13:17:16"}
{"level":"info","message":"GET /assets/imagens/jogo-alfabetico.png","service":"portal-jogos-service","timestamp":"2026-02-23 13:17:16"}
{"level":"info","message":"GET /api/user-status","service":"portal-jogos-service","timestamp":"2026-02-23 13:17:18"}
{"level":"info","message":"GET /games.json","service":"portal-jogos-service","timestamp":"2026-02-23 13:17:18"}
{"level":"info","message":"OPTIONS /api/game-start","service":"portal-jogos-service","timestamp":"2026-02-23 13:17:18"}
{"level":"info","message":"POST /api/game-start","service":"portal-jogos-service","timestamp":"2026-02-23 13:17:18"}
{"level":"info","message":"GET /api/user-status","service":"portal-jogos-service","timestamp":"2026-02-23 13:17:18"}
{"level":"info","message":"POST /api/logout","service":"portal-jogos-service","timestamp":"2026-02-23 13:17:22"}
{"level":"info","message":"GET /api/user-status","service":"portal-jogos-service","timestamp":"2026-02-23 13:17:24"}
{"level":"info","message":"GET /api/games","service":"portal-jogos-service","timestamp":"2026-02-23 13:17:24"}
{"level":"info","message":"GET /assets/imagens/bingo-matematico.webp","service":"portal-jogos-service","timestamp":"2026-02-23 13:17:25"}
{"level":"info","message":"GET /assets/imagens/quiz.webp","service":"portal-jogos-service","timestamp":"2026-02-23 13:17:25"}
{"level":"info","message":"GET /assets/imagens/app-inclusivo.png","service":"portal-jogos-service","timestamp":"2026-02-23 13:17:25"}
{"level":"info","message":"GET /assets/imagens/joguinho.png","service":"portal-jogos-service","timestamp":"2026-02-23 13:17:25"}
{"level":"info","message":"GET /assets/imagens/ditado-maluco.png","service":"portal-jogos-service","timestamp":"2026-02-23 13:17:25"}
{"level":"info","message":"GET /assets/imagens/jogos-intuitivos.png","service":"portal-jogos-service","timestamp":"2026-02-23 13:17:25"}
{"level":"info","message":"GET /assets/imagens/jornada-do-saber.png","service":"portal-jogos-service","timestamp":"2026-02-23 13:17:25"}
{"level":"info","message":"GET /assets/imagens/jogo-alfabetico.png","service":"portal-jogos-service","timestamp":"2026-02-23 13:17:25"}
{"level":"info","message":"GET /api/user-status","service":"portal-jogos-service","timestamp":"2026-02-23 13:17:29"}
{"level":"info","message":"OPTIONS /api/login","service":"portal-jogos-service","timestamp":"2026-02-23 13:17:31"}
{"level":"info","message":"POST /api/login","service":"portal-jogos-service","timestamp":"2026-02-23 13:17:31"}
{"level":"info","message":"GET /api/user-status","service":"portal-jogos-service","timestamp":"2026-02-23 13:17:33"}
{"level":"info","message":"GET /api/games","service":"portal-jogos-service","timestamp":"2026-02-23 13:17:33"}
{"level":"info","message":"GET /api/games","service":"portal-jogos-service","timestamp":"2026-02-23 13:17:33"}
{"level":"info","message":"GET /assets/imagens/bingo-matematico.webp","service":"portal-jogos-service","timestamp":"2026-02-23 13:17:33"}
{"level":"info","message":"GET /assets/imagens/quiz.webp","service":"portal-jogos-service","timestamp":"2026-02-23 13:17:33"}
{"level":"info","message":"GET /assets/imagens/app-inclusivo.png","service":"portal-jogos-service","timestamp":"2026-02-23 13:17:33"}
{"level":"info","message":"GET /assets/imagens/joguinho.png","service":"portal-jogos-service","timestamp":"2026-02-23 13:17:33"}
{"level":"info","message":"GET /assets/imagens/ditado-maluco.png","service":"portal-jogos-service","timestamp":"2026-02-23 13:17:33"}
{"level":"info","message":"GET /assets/imagens/jogos-intuitivos.png","service":"portal-jogos-service","timestamp":"2026-02-23 13:17:33"}
{"level":"info","message":"GET /assets/imagens/jornada-do-saber.png","service":"portal-jogos-service","timestamp":"2026-02-23 13:17:33"}
{"level":"info","message":"GET /assets/imagens/jogo-alfabetico.png","service":"portal-jogos-service","timestamp":"2026-02-23 13:17:33"}
{"level":"info","message":"GET /api/user-status","service":"portal-jogos-service","timestamp":"2026-02-23 13:17:36"}
{"level":"info","message":"GET /games.json","service":"portal-jogos-service","timestamp":"2026-02-23 13:17:36"}
{"level":"info","message":"OPTIONS /api/game-start","service":"portal-jogos-service","timestamp":"2026-02-23 13:17:36"}
{"level":"info","message":"POST /api/game-start","service":"portal-jogos-service","timestamp":"2026-02-23 13:17:36"}
{"level":"info","message":"GET /api/user-status","service":"portal-jogos-service","timestamp":"2026-02-23 13:17:36"}
{"level":"info","message":"GET /api/user-status","service":"portal-jogos-service","timestamp":"2026-02-23 13:17:37"}
{"level":"info","message":"GET /api/user-status","service":"portal-jogos-service","timestamp":"2026-02-23 13:17:48"}
{"level":"info","message":"GET /api/games","service":"portal-jogos-service","timestamp":"2026-02-23 13:17:48"}
{"level":"info","message":"GET /api/games","service":"portal-jogos-service","timestamp":"2026-02-23 13:17:48"}
{"level":"info","message":"POST /api/logout","service":"portal-jogos-service","timestamp":"2026-02-23 13:17:57"}
{"level":"info","message":"GET /api/user-status","service":"portal-jogos-service","timestamp":"2026-02-23 13:18:02"}
{"level":"info","message":"GET /api/games","service":"portal-jogos-service","timestamp":"2026-02-23 13:18:02"}
{"level":"info","message":"GET /assets/imagens/bingo-matematico.webp","service":"portal-jogos-service","timestamp":"2026-02-23 13:18:03"}
{"level":"info","message":"GET /assets/imagens/quiz.webp","service":"portal-jogos-service","timestamp":"2026-02-23 13:18:03"}
{"level":"info","message":"GET /assets/imagens/app-inclusivo.png","service":"portal-jogos-service","timestamp":"2026-02-23 13:18:03"}
{"level":"info","message":"GET /assets/imagens/joguinho.png","service":"portal-jogos-service","timestamp":"2026-02-23 13:18:03"}
{"level":"info","message":"GET /assets/imagens/ditado-maluco.png","service":"portal-jogos-service","timestamp":"2026-02-23 13:18:03"}
{"level":"info","message":"GET /assets/imagens/jogos-intuitivos.png","service":"portal-jogos-service","timestamp":"2026-02-23 13:18:03"}
{"level":"info","message":"GET /assets/imagens/jornada-do-saber.png","service":"portal-jogos-service","timestamp":"2026-02-23 13:18:03"}
{"level":"info","message":"GET /assets/imagens/jogo-alfabetico.png","service":"portal-jogos-service","timestamp":"2026-02-23 13:18:03"}
{"level":"info","message":"GET /api/user-status","service":"portal-jogos-service","timestamp":"2026-02-23 13:18:05"}
{"level":"info","message":"OPTIONS /api/login","service":"portal-jogos-service","timestamp":"2026-02-23 13:18:16"}
{"level":"info","message":"POST /api/login","service":"portal-jogos-service","timestamp":"2026-02-23 13:18:16"}
{"level":"info","message":"GET /api/user-status","service":"portal-jogos-service","timestamp":"2026-02-23 13:18:17"}
{"level":"info","message":"GET /api/games","service":"portal-jogos-service","timestamp":"2026-02-23 13:18:17"}
{"level":"info","message":"GET /api/games","service":"portal-jogos-service","timestamp":"2026-02-23 13:18:17"}
{"level":"info","message":"GET /assets/imagens/bingo-matematico.webp","service":"portal-jogos-service","timestamp":"2026-02-23 13:18:17"}
{"level":"info","message":"GET /assets/imagens/quiz.webp","service":"portal-jogos-service","timestamp":"2026-02-23 13:18:17"}
{"level":"info","message":"GET /assets/imagens/app-inclusivo.png","service":"portal-jogos-service","timestamp":"2026-02-23 13:18:17"}
{"level":"info","message":"GET /assets/imagens/joguinho.png","service":"portal-jogos-service","timestamp":"2026-02-23 13:18:17"}
{"level":"info","message":"GET /assets/imagens/ditado-maluco.png","service":"portal-jogos-service","timestamp":"2026-02-23 13:18:17"}
{"level":"info","message":"GET /assets/imagens/jogos-intuitivos.png","service":"portal-jogos-service","timestamp":"2026-02-23 13:18:17"}
{"level":"info","message":"GET /assets/imagens/jornada-do-saber.png","service":"portal-jogos-service","timestamp":"2026-02-23 13:18:18"}
{"level":"info","message":"GET /assets/imagens/jogo-alfabetico.png","service":"portal-jogos-service","timestamp":"2026-02-23 13:18:18"}
{"level":"info","message":"GET /api/user-status","service":"portal-jogos-service","timestamp":"2026-02-23 13:18:26"}
{"level":"info","message":"GET /api/games","service":"portal-jogos-service","timestamp":"2026-02-23 13:18:26"}
{"level":"info","message":"GET /assets/imagens/bingo-matematico.webp","service":"portal-jogos-service","timestamp":"2026-02-23 13:18:26"}
{"level":"info","message":"GET /assets/imagens/quiz.webp","service":"portal-jogos-service","timestamp":"2026-02-23 13:18:26"}
{"level":"info","message":"GET /assets/imagens/app-inclusivo.png","service":"portal-jogos-service","timestamp":"2026-02-23 13:18:26"}
{"level":"info","message":"GET /assets/imagens/joguinho.png","service":"portal-jogos-service","timestamp":"2026-02-23 13:18:26"}
{"level":"info","message":"GET /assets/imagens/ditado-maluco.png","service":"portal-jogos-service","timestamp":"2026-02-23 13:18:26"}
{"level":"info","message":"GET /assets/imagens/jogos-intuitivos.png","service":"portal-jogos-service","timestamp":"2026-02-23 13:18:26"}
{"level":"info","message":"GET /assets/imagens/jornada-do-saber.png","service":"portal-jogos-service","timestamp":"2026-02-23 13:18:27"}
{"level":"info","message":"GET /assets/imagens/jogo-alfabetico.png","service":"portal-jogos-service","timestamp":"2026-02-23 13:18:27"}
{"level":"info","message":"GET /api/user-status","service":"portal-jogos-service","timestamp":"2026-02-23 13:18:30"}
{"level":"info","message":"GET /games.json","service":"portal-jogos-service","timestamp":"2026-02-23 13:18:30"}
{"level":"info","message":"OPTIONS /api/game-start","service":"portal-jogos-service","timestamp":"2026-02-23 13:18:30"}
{"level":"info","message":"POST /api/game-start","service":"portal-jogos-service","timestamp":"2026-02-23 13:18:30"}
{"level":"info","message":"GET /api/user-status","service":"portal-jogos-service","timestamp":"2026-02-23 13:18:30"}
{"level":"info","message":"GET /api/user-status","service":"portal-jogos-service","timestamp":"2026-02-23 13:19:04"}
{"level":"info","message":"GET /games.json","service":"portal-jogos-service","timestamp":"2026-02-23 13:19:04"}
{"level":"info","message":"OPTIONS /api/game-start","service":"portal-jogos-service","timestamp":"2026-02-23 13:19:04"}
{"level":"info","message":"POST /api/game-start","service":"portal-jogos-service","timestamp":"2026-02-23 13:19:04"}
{"level":"info","message":"GET /api/user-status","service":"portal-jogos-service","timestamp":"2026-02-23 13:19:05"}
{"level":"info","message":"GET /api/user-status","service":"portal-jogos-service","timestamp":"2026-02-23 23:15:10"}
{"level":"info","message":"GET /api/games","service":"portal-jogos-service","timestamp":"2026-02-23 23:15:10"}
{"level":"info","message":"GET /api/games","service":"portal-jogos-service","timestamp":"2026-02-23 23:15:10"}
{"level":"info","message":"GET /assets/imagens/bingo-matematico.webp","service":"portal-jogos-service","timestamp":"2026-02-23 23:15:11"}
{"level":"info","message":"GET /assets/imagens/quiz.webp","service":"portal-jogos-service","timestamp":"2026-02-23 23:15:11"}
{"level":"info","message":"GET /assets/imagens/app-inclusivo.png","service":"portal-jogos-service","timestamp":"2026-02-23 23:15:11"}
{"level":"info","message":"GET /assets/imagens/joguinho.png","service":"portal-jogos-service","timestamp":"2026-02-23 23:15:11"}
{"level":"info","message":"GET /assets/imagens/ditado-maluco.png","service":"portal-jogos-service","timestamp":"2026-02-23 23:15:11"}
{"level":"info","message":"GET /assets/imagens/jogos-intuitivos.png","service":"portal-jogos-service","timestamp":"2026-02-23 23:15:11"}
{"level":"info","message":"GET /assets/imagens/jornada-do-saber.png","service":"portal-jogos-service","timestamp":"2026-02-23 23:15:11"}
{"level":"info","message":"GET /assets/imagens/jogo-alfabetico.png","service":"portal-jogos-service","timestamp":"2026-02-23 23:15:11"}
{"level":"info","message":"GET /api/user-status","service":"portal-jogos-service","timestamp":"2026-02-23 23:15:16"}
{"level":"info","message":"GET /games.json","service":"portal-jogos-service","timestamp":"2026-02-23 23:15:16"}
{"level":"info","message":"OPTIONS /api/game-start","service":"portal-jogos-service","timestamp":"2026-02-23 23:15:16"}
{"level":"info","message":"POST /api/game-start","service":"portal-jogos-service","timestamp":"2026-02-23 23:15:16"}
{"level":"info","message":"GET /api/user-status","service":"portal-jogos-service","timestamp":"2026-02-23 23:15:16"}
{"level":"info","message":"GET /api/games","service":"portal-jogos-service","timestamp":"2026-02-23 23:15:37"}
{"level":"info","message":"GET /api/user-status","service":"portal-jogos-service","timestamp":"2026-02-23 23:15:37"}
{"level":"info","message":"GET /api/games","service":"portal-jogos-service","timestamp":"2026-02-23 23:15:38"}
{"level":"info","message":"GET /assets/imagens/bingo-matematico.webp","service":"portal-jogos-service","timestamp":"2026-02-23 23:15:38"}
{"level":"info","message":"GET /assets/imagens/quiz.webp","service":"portal-jogos-service","timestamp":"2026-02-23 23:15:38"}
{"level":"info","message":"GET /assets/imagens/app-inclusivo.png","service":"portal-jogos-service","timestamp":"2026-02-23 23:15:38"}
{"level":"info","message":"GET /assets/imagens/joguinho.png","service":"portal-jogos-service","timestamp":"2026-02-23 23:15:38"}
{"level":"info","message":"GET /assets/imagens/ditado-maluco.png","service":"portal-jogos-service","timestamp":"2026-02-23 23:15:38"}
{"level":"info","message":"GET /assets/imagens/jogos-intuitivos.png","service":"portal-jogos-service","timestamp":"2026-02-23 23:15:38"}
{"level":"info","message":"GET /assets/imagens/jornada-do-saber.png","service":"portal-jogos-service","timestamp":"2026-02-23 23:15:38"}
{"level":"info","message":"GET /assets/imagens/jogo-alfabetico.png","service":"portal-jogos-service","timestamp":"2026-02-23 23:15:38"}
{"level":"info","message":"POST /api/logout","service":"portal-jogos-service","timestamp":"2026-02-23 23:15:39"}
{"level":"info","message":"GET /api/user-status","service":"portal-jogos-service","timestamp":"2026-02-23 23:15:43"}
{"level":"info","message":"GET /api/games","service":"portal-jogos-service","timestamp":"2026-02-23 23:15:43"}
{"level":"info","message":"GET /assets/imagens/bingo-matematico.webp","service":"portal-jogos-service","timestamp":"2026-02-23 23:15:44"}
{"level":"info","message":"GET /assets/imagens/quiz.webp","service":"portal-jogos-service","timestamp":"2026-02-23 23:15:44"}
{"level":"info","message":"GET /assets/imagens/app-inclusivo.png","service":"portal-jogos-service","timestamp":"2026-02-23 23:15:44"}
{"level":"info","message":"GET /assets/imagens/joguinho.png","service":"portal-jogos-service","timestamp":"2026-02-23 23:15:44"}
{"level":"info","message":"GET /assets/imagens/ditado-maluco.png","service":"portal-jogos-service","timestamp":"2026-02-23 23:15:44"}
{"level":"info","message":"GET /assets/imagens/jogos-intuitivos.png","service":"portal-jogos-service","timestamp":"2026-02-23 23:15:44"}
{"level":"info","message":"GET /assets/imagens/jornada-do-saber.png","service":"portal-jogos-service","timestamp":"2026-02-23 23:15:44"}
{"level":"info","message":"GET /assets/imagens/jogo-alfabetico.png","service":"portal-jogos-service","timestamp":"2026-02-23 23:15:44"}
{"level":"info","message":"GET /api/user-status","service":"portal-jogos-service","timestamp":"2026-02-23 23:15:46"}
{"level":"info","message":"OPTIONS /api/login","service":"portal-jogos-service","timestamp":"2026-02-23 23:15:50"}
{"level":"info","message":"POST /api/login","service":"portal-jogos-service","timestamp":"2026-02-23 23:15:50"}
{"level":"info","message":"GET /api/user-status","service":"portal-jogos-service","timestamp":"2026-02-23 23:15:51"}
{"level":"info","message":"GET /api/games","service":"portal-jogos-service","timestamp":"2026-02-23 23:15:51"}
{"level":"info","message":"GET /api/games","service":"portal-jogos-service","timestamp":"2026-02-23 23:15:51"}
{"level":"info","message":"GET /api/user-status","service":"portal-jogos-service","timestamp":"2026-02-23 23:15:56"}
{"level":"info","message":"GET /games.json","service":"portal-jogos-service","timestamp":"2026-02-23 23:15:56"}
{"level":"info","message":"OPTIONS /api/game-start","service":"portal-jogos-service","timestamp":"2026-02-23 23:15:56"}
{"level":"info","message":"POST /api/game-start","service":"portal-jogos-service","timestamp":"2026-02-23 23:15:56"}
{"level":"info","message":"GET /api/user-status","service":"portal-jogos-service","timestamp":"2026-02-23 23:15:56"}
{"level":"info","message":"GET /api/user-status","service":"portal-jogos-service","timestamp":"2026-02-23 23:15:56"}
{"level":"info","message":"GET /api/user-status","service":"portal-jogos-service","timestamp":"2026-02-23 23:40:05"}
{"level":"info","message":"GET /games.json","service":"portal-jogos-service","timestamp":"2026-02-23 23:40:05"}
{"level":"info","message":"OPTIONS /api/game-start","service":"portal-jogos-service","timestamp":"2026-02-23 23:40:05"}
{"level":"info","message":"POST /api/game-start","service":"portal-jogos-service","timestamp":"2026-02-23 23:40:05"}
{"level":"info","message":"GET /api/user-status","service":"portal-jogos-service","timestamp":"2026-02-23 23:40:06"}
{"level":"info","message":"GET /api/user-status","service":"portal-jogos-service","timestamp":"2026-02-23 23:40:06"}
{"level":"info","message":"GET /api/user-status","service":"portal-jogos-service","timestamp":"2026-02-23 23:40:15"}
{"level":"info","message":"GET /api/games","service":"portal-jogos-service","timestamp":"2026-02-23 23:40:15"}
{"level":"info","message":"GET /api/games","service":"portal-jogos-service","timestamp":"2026-02-23 23:40:15"}
{"level":"info","message":"GET /assets/imagens/bingo-matematico.webp","service":"portal-jogos-service","timestamp":"2026-02-23 23:40:15"}
{"level":"info","message":"GET /assets/imagens/quiz.webp","service":"portal-jogos-service","timestamp":"2026-02-23 23:40:15"}
{"level":"info","message":"GET /assets/imagens/app-inclusivo.png","service":"portal-jogos-service","timestamp":"2026-02-23 23:40:15"}
{"level":"info","message":"GET /assets/imagens/joguinho.png","service":"portal-jogos-service","timestamp":"2026-02-23 23:40:15"}
{"level":"info","message":"GET /assets/imagens/ditado-maluco.png","service":"portal-jogos-service","timestamp":"2026-02-23 23:40:15"}
{"level":"info","message":"GET /assets/imagens/jogos-intuitivos.png","service":"portal-jogos-service","timestamp":"2026-02-23 23:40:15"}
{"level":"info","message":"GET /assets/imagens/jornada-do-saber.png","service":"portal-jogos-service","timestamp":"2026-02-23 23:40:15"}
{"level":"info","message":"GET /assets/imagens/jogo-alfabetico.png","service":"portal-jogos-service","timestamp":"2026-02-23 23:40:15"}
{"level":"info","message":"GET /api/user-status","service":"portal-jogos-service","timestamp":"2026-02-23 23:40:34"}
{"level":"info","message":"GET /api/games","service":"portal-jogos-service","timestamp":"2026-02-23 23:40:34"}
{"level":"info","message":"GET /assets/imagens/bingo-matematico.webp","service":"portal-jogos-service","timestamp":"2026-02-23 23:40:34"}
{"level":"info","message":"GET /assets/imagens/quiz.webp","service":"portal-jogos-service","timestamp":"2026-02-23 23:40:34"}
{"level":"info","message":"GET /assets/imagens/app-inclusivo.png","service":"portal-jogos-service","timestamp":"2026-02-23 23:40:34"}
{"level":"info","message":"GET /assets/imagens/joguinho.png","service":"portal-jogos-service","timestamp":"2026-02-23 23:40:34"}
{"level":"info","message":"GET /assets/imagens/ditado-maluco.png","service":"portal-jogos-service","timestamp":"2026-02-23 23:40:35"}
{"level":"info","message":"GET /assets/imagens/jogos-intuitivos.png","service":"portal-jogos-service","timestamp":"2026-02-23 23:40:35"}
{"level":"info","message":"GET /assets/imagens/jornada-do-saber.png","service":"portal-jogos-service","timestamp":"2026-02-23 23:40:35"}
{"level":"info","message":"GET /assets/imagens/jogo-alfabetico.png","service":"portal-jogos-service","timestamp":"2026-02-23 23:40:35"}
{"level":"info","message":"GET /api/user-status","service":"portal-jogos-service","timestamp":"2026-02-23 23:40:44"}
{"level":"info","message":"GET /games.json","service":"portal-jogos-service","timestamp":"2026-02-23 23:40:44"}
{"level":"info","message":"OPTIONS /api/game-start","service":"portal-jogos-service","timestamp":"2026-02-23 23:40:44"}
{"level":"info","message":"POST /api/game-start","service":"portal-jogos-service","timestamp":"2026-02-23 23:40:44"}
{"level":"info","message":"GET /api/user-status","service":"portal-jogos-service","timestamp":"2026-02-23 23:40:44"}
{"level":"info","message":"GET /api/user-status","service":"portal-jogos-service","timestamp":"2026-02-23 23:40:45"}
{"level":"info","message":"GET /api/user-status","service":"portal-jogos-service","timestamp":"2026-02-23 23:41:15"}
{"level":"info","message":"GET /api/games","service":"portal-jogos-service","timestamp":"2026-02-23 23:41:15"}
{"level":"info","message":"GET /api/games","service":"portal-jogos-service","timestamp":"2026-02-23 23:41:15"}
{"level":"info","message":"Conectado ao banco de dados (production).","service":"portal-jogos-service","timestamp":"2026-02-23 23:44:36"}
{"level":"info","message":"Attempting to set up email service...","service":"portal-jogos-service","timestamp":"2026-02-23 23:44:52"}
{"level":"info","message":"Usando Postgres Session Store.","service":"portal-jogos-service","timestamp":"2026-02-23 23:44:52"}
{"level":"info","message":"Servidor rodando em http://localhost:3001","service":"portal-jogos-service","timestamp":"2026-02-23 23:44:52"}
{"level":"info","message":"Conectado ao banco de dados (production).","service":"portal-jogos-service","timestamp":"2026-02-23 23:44:53"}
{"level":"info","message":"GET /api/user-status","service":"portal-jogos-service","timestamp":"2026-02-23 23:45:20"}
{"level":"info","message":"GET /api/games","service":"portal-jogos-service","timestamp":"2026-02-23 23:45:20"}
{"level":"info","message":"GET /assets/imagens/bingo-matematico.webp","service":"portal-jogos-service","timestamp":"2026-02-23 23:45:20"}
{"level":"info","message":"GET /assets/imagens/app-inclusivo.png","service":"portal-jogos-service","timestamp":"2026-02-23 23:45:20"}
{"level":"info","message":"GET /assets/imagens/joguinho.png","service":"portal-jogos-service","timestamp":"2026-02-23 23:45:21"}
{"level":"info","message":"GET /assets/imagens/ditado-maluco.png","service":"portal-jogos-service","timestamp":"2026-02-23 23:45:21"}
{"level":"info","message":"GET /assets/imagens/jogos-intuitivos.png","service":"portal-jogos-service","timestamp":"2026-02-23 23:45:21"}
{"level":"info","message":"GET /assets/imagens/jornada-do-saber.png","service":"portal-jogos-service","timestamp":"2026-02-23 23:45:21"}
{"level":"info","message":"GET /assets/imagens/jogo-alfabetico.png","service":"portal-jogos-service","timestamp":"2026-02-23 23:45:21"}
{"level":"info","message":"GET /assets/imagens/quiz.webp","service":"portal-jogos-service","timestamp":"2026-02-23 23:45:21"}
{"level":"info","message":"GET /api/user-status","service":"portal-jogos-service","timestamp":"2026-02-23 23:45:27"}
{"level":"info","message":"GET /games.json","service":"portal-jogos-service","timestamp":"2026-02-23 23:45:27"}
{"level":"info","message":"OPTIONS /api/game-start","service":"portal-jogos-service","timestamp":"2026-02-23 23:45:27"}
{"level":"info","message":"POST /api/game-start","service":"portal-jogos-service","timestamp":"2026-02-23 23:45:27"}
{"level":"info","message":"GET /api/user-status","service":"portal-jogos-service","timestamp":"2026-02-23 23:45:29"}
{"level":"info","message":"GET /api/user-status","service":"portal-jogos-service","timestamp":"2026-02-23 23:45:47"}
{"level":"info","message":"GET /api/games","service":"portal-jogos-service","timestamp":"2026-02-23 23:45:47"}
{"level":"info","message":"GET /api/games","service":"portal-jogos-service","timestamp":"2026-02-23 23:45:47"}
{"level":"info","message":"GET /api/user-status","service":"portal-jogos-service","timestamp":"2026-02-23 23:45:56"}
{"level":"info","message":"GET /api/games","service":"portal-jogos-service","timestamp":"2026-02-23 23:45:56"}
{"level":"info","message":"GET /assets/imagens/bingo-matematico.webp","service":"portal-jogos-service","timestamp":"2026-02-23 23:45:56"}
{"level":"info","message":"GET /assets/imagens/app-inclusivo.png","service":"portal-jogos-service","timestamp":"2026-02-23 23:45:56"}
{"level":"info","message":"GET /assets/imagens/joguinho.png","service":"portal-jogos-service","timestamp":"2026-02-23 23:45:56"}
{"level":"info","message":"GET /assets/imagens/ditado-maluco.png","service":"portal-jogos-service","timestamp":"2026-02-23 23:45:56"}
{"level":"info","message":"GET /assets/imagens/jogos-intuitivos.png","service":"portal-jogos-service","timestamp":"2026-02-23 23:45:56"}
{"level":"info","message":"GET /assets/imagens/jornada-do-saber.png","service":"portal-jogos-service","timestamp":"2026-02-23 23:45:56"}
{"level":"info","message":"GET /assets/imagens/jogo-alfabetico.png","service":"portal-jogos-service","timestamp":"2026-02-23 23:45:56"}
{"level":"info","message":"GET /assets/imagens/quiz.webp","service":"portal-jogos-service","timestamp":"2026-02-23 23:45:56"}
{"level":"info","message":"POST /api/logout","service":"portal-jogos-service","timestamp":"2026-02-23 23:46:19"}
{"level":"info","message":"GET /api/games","service":"portal-jogos-service","timestamp":"2026-02-23 23:46:21"}
{"level":"info","message":"GET /api/user-status","service":"portal-jogos-service","timestamp":"2026-02-23 23:46:21"}
{"level":"info","message":"GET /assets/imagens/bingo-matematico.webp","service":"portal-jogos-service","timestamp":"2026-02-23 23:46:21"}
{"level":"info","message":"GET /assets/imagens/app-inclusivo.png","service":"portal-jogos-service","timestamp":"2026-02-23 23:46:21"}
{"level":"info","message":"GET /assets/imagens/joguinho.png","service":"portal-jogos-service","timestamp":"2026-02-23 23:46:21"}
{"level":"info","message":"GET /assets/imagens/ditado-maluco.png","service":"portal-jogos-service","timestamp":"2026-02-23 23:46:21"}
{"level":"info","message":"GET /assets/imagens/jogos-intuitivos.png","service":"portal-jogos-service","timestamp":"2026-02-23 23:46:21"}
{"level":"info","message":"GET /assets/imagens/jornada-do-saber.png","service":"portal-jogos-service","timestamp":"2026-02-23 23:46:21"}
{"level":"info","message":"GET /assets/imagens/jogo-alfabetico.png","service":"portal-jogos-service","timestamp":"2026-02-23 23:46:21"}
{"level":"info","message":"GET /assets/imagens/quiz.webp","service":"portal-jogos-service","timestamp":"2026-02-23 23:46:21"}
{"level":"info","message":"GET /api/user-status","service":"portal-jogos-service","timestamp":"2026-02-23 23:46:23"}
{"level":"info","message":"OPTIONS /api/login","service":"portal-jogos-service","timestamp":"2026-02-23 23:46:30"}
{"level":"info","message":"POST /api/login","service":"portal-jogos-service","timestamp":"2026-02-23 23:46:30"}
{"level":"info","message":"GET /api/user-status","service":"portal-jogos-service","timestamp":"2026-02-23 23:46:31"}
{"level":"info","message":"GET /api/games","service":"portal-jogos-service","timestamp":"2026-02-23 23:46:31"}
{"level":"info","message":"GET /api/games","service":"portal-jogos-service","timestamp":"2026-02-23 23:46:31"}
{"level":"info","message":"GET /assets/imagens/bingo-matematico.webp","service":"portal-jogos-service","timestamp":"2026-02-23 23:46:31"}
{"level":"info","message":"GET /assets/imagens/app-inclusivo.png","service":"portal-jogos-service","timestamp":"2026-02-23 23:46:31"}
{"level":"info","message":"GET /assets/imagens/joguinho.png","service":"portal-jogos-service","timestamp":"2026-02-23 23:46:31"}
{"level":"info","message":"GET /assets/imagens/ditado-maluco.png","service":"portal-jogos-service","timestamp":"2026-02-23 23:46:31"}
{"level":"info","message":"GET /assets/imagens/jogos-intuitivos.png","service":"portal-jogos-service","timestamp":"2026-02-23 23:46:31"}
{"level":"info","message":"GET /assets/imagens/jornada-do-saber.png","service":"portal-jogos-service","timestamp":"2026-02-23 23:46:31"}
{"level":"info","message":"GET /assets/imagens/jogo-alfabetico.png","service":"portal-jogos-service","timestamp":"2026-02-23 23:46:31"}
{"level":"info","message":"GET /assets/imagens/quiz.webp","service":"portal-jogos-service","timestamp":"2026-02-23 23:46:31"}
{"level":"info","message":"POST /api/logout","service":"portal-jogos-service","timestamp":"2026-02-23 23:46:37"}
{"level":"info","message":"GET /api/user-status","service":"portal-jogos-service","timestamp":"2026-02-23 23:46:39"}
{"level":"info","message":"GET /api/games","service":"portal-jogos-service","timestamp":"2026-02-23 23:46:39"}
{"level":"info","message":"GET /assets/imagens/bingo-matematico.webp","service":"portal-jogos-service","timestamp":"2026-02-23 23:46:39"}
{"level":"info","message":"GET /assets/imagens/app-inclusivo.png","service":"portal-jogos-service","timestamp":"2026-02-23 23:46:39"}
{"level":"info","message":"GET /assets/imagens/joguinho.png","service":"portal-jogos-service","timestamp":"2026-02-23 23:46:39"}
{"level":"info","message":"GET /assets/imagens/ditado-maluco.png","service":"portal-jogos-service","timestamp":"2026-02-23 23:46:39"}
{"level":"info","message":"GET /assets/imagens/jogos-intuitivos.png","service":"portal-jogos-service","timestamp":"2026-02-23 23:46:39"}
{"level":"info","message":"GET /assets/imagens/jornada-do-saber.png","service":"portal-jogos-service","timestamp":"2026-02-23 23:46:39"}
{"level":"info","message":"GET /assets/imagens/jogo-alfabetico.png","service":"portal-jogos-service","timestamp":"2026-02-23 23:46:39"}
{"level":"info","message":"GET /assets/imagens/quiz.webp","service":"portal-jogos-service","timestamp":"2026-02-23 23:46:39"}
{"level":"info","message":"GET /api/user-status","service":"portal-jogos-service","timestamp":"2026-02-23 23:46:44"}
{"level":"info","message":"OPTIONS /api/login","service":"portal-jogos-service","timestamp":"2026-02-23 23:46:51"}
{"level":"info","message":"POST /api/login","service":"portal-jogos-service","timestamp":"2026-02-23 23:46:52"}
{"level":"info","message":"GET /api/user-status","service":"portal-jogos-service","timestamp":"2026-02-23 23:46:52"}
{"level":"info","message":"GET /api/games","service":"portal-jogos-service","timestamp":"2026-02-23 23:46:52"}
{"level":"info","message":"GET /api/games","service":"portal-jogos-service","timestamp":"2026-02-23 23:46:52"}
{"level":"info","message":"GET /assets/imagens/bingo-matematico.webp","service":"portal-jogos-service","timestamp":"2026-02-23 23:46:53"}
{"level":"info","message":"GET /assets/imagens/app-inclusivo.png","service":"portal-jogos-service","timestamp":"2026-02-23 23:46:53"}
{"level":"info","message":"GET /assets/imagens/joguinho.png","service":"portal-jogos-service","timestamp":"2026-02-23 23:46:53"}
{"level":"info","message":"GET /assets/imagens/ditado-maluco.png","service":"portal-jogos-service","timestamp":"2026-02-23 23:46:53"}
{"level":"info","message":"GET /assets/imagens/jogos-intuitivos.png","service":"portal-jogos-service","timestamp":"2026-02-23 23:46:53"}
{"level":"info","message":"GET /assets/imagens/jornada-do-saber.png","service":"portal-jogos-service","timestamp":"2026-02-23 23:46:53"}
{"level":"info","message":"GET /assets/imagens/jogo-alfabetico.png","service":"portal-jogos-service","timestamp":"2026-02-23 23:46:53"}
{"level":"info","message":"GET /assets/imagens/quiz.webp","service":"portal-jogos-service","timestamp":"2026-02-23 23:46:53"}
{"level":"info","message":"GET /api/user-status","service":"portal-jogos-service","timestamp":"2026-02-23 23:46:57"}
{"level":"info","message":"GET /api/user-status","service":"portal-jogos-service","timestamp":"2026-02-23 23:46:57"}
{"level":"info","message":"GET /api/user-status","service":"portal-jogos-service","timestamp":"2026-02-23 23:46:57"}
{"level":"info","message":"GET /api/user-status","service":"portal-jogos-service","timestamp":"2026-02-23 23:46:59"}
{"level":"info","message":"GET /api/games","service":"portal-jogos-service","timestamp":"2026-02-23 23:46:59"}
{"level":"info","message":"GET /api/games","service":"portal-jogos-service","timestamp":"2026-02-23 23:46:59"}
{"level":"info","message":"GET /api/user-status","service":"portal-jogos-service","timestamp":"2026-02-23 23:47:06"}
{"level":"info","message":"GET /api/games","service":"portal-jogos-service","timestamp":"2026-02-23 23:47:06"}
{"level":"info","message":"GET /api/games","service":"portal-jogos-service","timestamp":"2026-02-23 23:47:06"}
{"level":"info","message":"OPTIONS /api/games/tabela-periodica-bingo","service":"portal-jogos-service","timestamp":"2026-02-23 23:47:09"}
{"level":"info","message":"PUT /api/games/tabela-periodica-bingo","service":"portal-jogos-service","timestamp":"2026-02-23 23:47:09"}
{"level":"info","message":"GET /api/user-status","service":"portal-jogos-service","timestamp":"2026-02-23 23:47:10"}
{"level":"info","message":"GET /api/games","service":"portal-jogos-service","timestamp":"2026-02-23 23:47:10"}
{"level":"info","message":"GET /api/games","service":"portal-jogos-service","timestamp":"2026-02-23 23:47:10"}
{"level":"info","message":"GET /assets/imagens/bingo-matematico.webp","service":"portal-jogos-service","timestamp":"2026-02-23 23:47:10"}
{"level":"info","message":"GET /assets/imagens/app-inclusivo.png","service":"portal-jogos-service","timestamp":"2026-02-23 23:47:10"}
{"level":"info","message":"GET /assets/imagens/joguinho.png","service":"portal-jogos-service","timestamp":"2026-02-23 23:47:10"}
{"level":"info","message":"GET /assets/imagens/ditado-maluco.png","service":"portal-jogos-service","timestamp":"2026-02-23 23:47:10"}
{"level":"info","message":"GET /assets/imagens/jogos-intuitivos.png","service":"portal-jogos-service","timestamp":"2026-02-23 23:47:10"}
{"level":"info","message":"GET /assets/imagens/jornada-do-saber.png","service":"portal-jogos-service","timestamp":"2026-02-23 23:47:10"}
{"level":"info","message":"GET /assets/imagens/jogo-alfabetico.png","service":"portal-jogos-service","timestamp":"2026-02-23 23:47:10"}
{"level":"info","message":"GET /assets/imagens/quiz.webp","service":"portal-jogos-service","timestamp":"2026-02-23 23:47:10"}
{"level":"info","message":"GET /api/user-status","service":"portal-jogos-service","timestamp":"2026-02-23 23:47:12"}
{"level":"info","message":"GET /api/games","service":"portal-jogos-service","timestamp":"2026-02-23 23:47:12"}
{"level":"info","message":"GET /api/games","service":"portal-jogos-service","timestamp":"2026-02-23 23:47:12"}
{"level":"info","message":"OPTIONS /api/games/bingo-matematico","service":"portal-jogos-service","timestamp":"2026-02-23 23:47:16"}
{"level":"info","message":"PUT /api/games/bingo-matematico","service":"portal-jogos-service","timestamp":"2026-02-23 23:47:16"}
{"level":"info","message":"GET /api/user-status","service":"portal-jogos-service","timestamp":"2026-02-23 23:47:17"}
{"level":"info","message":"GET /api/games","service":"portal-jogos-service","timestamp":"2026-02-23 23:47:17"}
{"level":"info","message":"GET /api/games","service":"portal-jogos-service","timestamp":"2026-02-23 23:47:17"}
{"level":"info","message":"GET /assets/imagens/bingo-matematico.webp","service":"portal-jogos-service","timestamp":"2026-02-23 23:47:17"}
{"level":"info","message":"GET /assets/imagens/app-inclusivo.png","service":"portal-jogos-service","timestamp":"2026-02-23 23:47:17"}
{"level":"info","message":"GET /assets/imagens/joguinho.png","service":"portal-jogos-service","timestamp":"2026-02-23 23:47:17"}
{"level":"info","message":"GET /assets/imagens/ditado-maluco.png","service":"portal-jogos-service","timestamp":"2026-02-23 23:47:17"}
{"level":"info","message":"GET /assets/imagens/jogos-intuitivos.png","service":"portal-jogos-service","timestamp":"2026-02-23 23:47:17"}
{"level":"info","message":"GET /assets/imagens/jornada-do-saber.png","service":"portal-jogos-service","timestamp":"2026-02-23 23:47:17"}
{"level":"info","message":"GET /assets/imagens/jogo-alfabetico.png","service":"portal-jogos-service","timestamp":"2026-02-23 23:47:17"}
{"level":"info","message":"GET /assets/imagens/quiz.webp","service":"portal-jogos-service","timestamp":"2026-02-23 23:47:17"}
{"level":"info","message":"GET /api/user-status","service":"portal-jogos-service","timestamp":"2026-02-23 23:47:25"}
{"level":"info","message":"GET /api/games","service":"portal-jogos-service","timestamp":"2026-02-23 23:47:25"}
{"level":"info","message":"GET /api/games","service":"portal-jogos-service","timestamp":"2026-02-23 23:47:25"}
{"level":"info","message":"OPTIONS /api/games/quiz-educacional","service":"portal-jogos-service","timestamp":"2026-02-23 23:47:27"}
{"level":"info","message":"PUT /api/games/quiz-educacional","service":"portal-jogos-service","timestamp":"2026-02-23 23:47:27"}
{"level":"info","message":"GET /api/games","service":"portal-jogos-service","timestamp":"2026-02-23 23:47:28"}
{"level":"info","message":"GET /api/user-status","service":"portal-jogos-service","timestamp":"2026-02-23 23:47:28"}
{"level":"info","message":"GET /api/games","service":"portal-jogos-service","timestamp":"2026-02-23 23:47:28"}
{"level":"info","message":"GET /api/games","service":"portal-jogos-service","timestamp":"2026-02-23 23:47:31"}
{"level":"info","message":"GET /api/user-status","service":"portal-jogos-service","timestamp":"2026-02-23 23:47:31"}
{"level":"info","message":"GET /api/games","service":"portal-jogos-service","timestamp":"2026-02-23 23:47:31"}
{"level":"info","message":"OPTIONS /api/games/roda-a-roda","service":"portal-jogos-service","timestamp":"2026-02-23 23:47:34"}
{"level":"info","message":"PUT /api/games/roda-a-roda","service":"portal-jogos-service","timestamp":"2026-02-23 23:47:34"}
{"level":"info","message":"GET /api/games","service":"portal-jogos-service","timestamp":"2026-02-23 23:47:35"}
{"level":"info","message":"GET /api/user-status","service":"portal-jogos-service","timestamp":"2026-02-23 23:47:35"}
{"level":"info","message":"GET /api/games","service":"portal-jogos-service","timestamp":"2026-02-23 23:47:35"}
{"level":"info","message":"GET /api/user-status","service":"portal-jogos-service","timestamp":"2026-02-23 23:47:57"}
{"level":"info","message":"GET /api/games","service":"portal-jogos-service","timestamp":"2026-02-23 23:47:57"}
{"level":"info","message":"GET /api/games","service":"portal-jogos-service","timestamp":"2026-02-23 23:47:57"}
{"level":"info","message":"GET /api/user-status","service":"portal-jogos-service","timestamp":"2026-02-23 23:48:02"}
{"level":"info","message":"GET /games.json","service":"portal-jogos-service","timestamp":"2026-02-23 23:48:02"}
{"level":"info","message":"OPTIONS /api/game-start","service":"portal-jogos-service","timestamp":"2026-02-23 23:48:02"}
{"level":"info","message":"POST /api/game-start","service":"portal-jogos-service","timestamp":"2026-02-23 23:48:02"}
{"level":"info","message":"GET /api/user-status","service":"portal-jogos-service","timestamp":"2026-02-23 23:48:02"}
{"level":"info","message":"GET /api/games","service":"portal-jogos-service","timestamp":"2026-02-23 23:48:07"}
{"level":"info","message":"GET /api/user-status","service":"portal-jogos-service","timestamp":"2026-02-23 23:48:07"}
{"level":"info","message":"GET /api/games","service":"portal-jogos-service","timestamp":"2026-02-23 23:48:07"}
{"level":"info","message":"POST /api/logout","service":"portal-jogos-service","timestamp":"2026-02-23 23:48:08"}
{"level":"info","message":"GET /api/user-status","service":"portal-jogos-service","timestamp":"2026-02-23 23:48:10"}
{"level":"info","message":"GET /api/games","service":"portal-jogos-service","timestamp":"2026-02-23 23:48:10"}
{"level":"info","message":"GET /assets/imagens/bingo-matematico.webp","service":"portal-jogos-service","timestamp":"2026-02-23 23:48:11"}
{"level":"info","message":"GET /assets/imagens/quiz.webp","service":"portal-jogos-service","timestamp":"2026-02-23 23:48:11"}
{"level":"info","message":"GET /assets/imagens/app-inclusivo.png","service":"portal-jogos-service","timestamp":"2026-02-23 23:48:11"}
{"level":"info","message":"GET /assets/imagens/joguinho.png","service":"portal-jogos-service","timestamp":"2026-02-23 23:48:11"}
{"level":"info","message":"GET /assets/imagens/ditado-maluco.png","service":"portal-jogos-service","timestamp":"2026-02-23 23:48:11"}
{"level":"info","message":"GET /assets/imagens/jogos-intuitivos.png","service":"portal-jogos-service","timestamp":"2026-02-23 23:48:11"}
{"level":"info","message":"GET /assets/imagens/jornada-do-saber.png","service":"portal-jogos-service","timestamp":"2026-02-23 23:48:11"}
{"level":"info","message":"GET /assets/imagens/jogo-alfabetico.png","service":"portal-jogos-service","timestamp":"2026-02-23 23:48:11"}
{"level":"info","message":"GET /api/user-status","service":"portal-jogos-service","timestamp":"2026-02-23 23:48:12"}
{"level":"info","message":"OPTIONS /api/login","service":"portal-jogos-service","timestamp":"2026-02-23 23:48:16"}
{"level":"info","message":"POST /api/login","service":"portal-jogos-service","timestamp":"2026-02-23 23:48:16"}
{"level":"info","message":"GET /api/user-status","service":"portal-jogos-service","timestamp":"2026-02-23 23:48:17"}
{"level":"info","message":"GET /api/games","service":"portal-jogos-service","timestamp":"2026-02-23 23:48:17"}
{"level":"info","message":"GET /api/games","service":"portal-jogos-service","timestamp":"2026-02-23 23:48:17"}
{"level":"info","message":"GET /games.json","service":"portal-jogos-service","timestamp":"2026-02-23 23:48:20"}
{"level":"info","message":"GET /api/user-status","service":"portal-jogos-service","timestamp":"2026-02-23 23:48:20"}
{"level":"info","message":"OPTIONS /api/game-start","service":"portal-jogos-service","timestamp":"2026-02-23 23:48:20"}
{"level":"info","message":"POST /api/game-start","service":"portal-jogos-service","timestamp":"2026-02-23 23:48:20"}
{"level":"info","message":"GET /api/user-status","service":"portal-jogos-service","timestamp":"2026-02-23 23:48:21"}
{"level":"info","message":"GET /api/user-status","service":"portal-jogos-service","timestamp":"2026-02-23 23:48:21"}
{"level":"info","message":"GET /api/user-status","service":"portal-jogos-service","timestamp":"2026-02-23 23:48:27"}
{"level":"info","message":"GET /api/user-status","service":"portal-jogos-service","timestamp":"2026-02-23 23:48:27"}
{"level":"info","message":"GET /api/user-status","service":"portal-jogos-service","timestamp":"2026-02-23 23:48:27"}
{"level":"info","message":"OPTIONS /api/payment/create-checkout-session","service":"portal-jogos-service","timestamp":"2026-02-23 23:48:33"}
{"level":"info","message":"POST /api/payment/create-checkout-session","service":"portal-jogos-service","timestamp":"2026-02-23 23:48:33"}
{"level":"info","message":"GET /api/user-status","service":"portal-jogos-service","timestamp":"2026-02-23 23:50:52"}
{"level":"info","message":"GET /api/games","service":"portal-jogos-service","timestamp":"2026-02-23 23:50:52"}
{"level":"info","message":"GET /api/games","service":"portal-jogos-service","timestamp":"2026-02-23 23:50:52"}
{"level":"info","message":"GET /assets/imagens/bingo-matematico.webp","service":"portal-jogos-service","timestamp":"2026-02-23 23:50:52"}
{"level":"info","message":"GET /assets/imagens/quiz.webp","service":"portal-jogos-service","timestamp":"2026-02-23 23:50:52"}
{"level":"info","message":"GET /assets/imagens/app-inclusivo.png","service":"portal-jogos-service","timestamp":"2026-02-23 23:50:52"}
{"level":"info","message":"GET /assets/imagens/joguinho.png","service":"portal-jogos-service","timestamp":"2026-02-23 23:50:52"}
{"level":"info","message":"GET /assets/imagens/ditado-maluco.png","service":"portal-jogos-service","timestamp":"2026-02-23 23:50:52"}
{"level":"info","message":"GET /assets/imagens/jogos-intuitivos.png","service":"portal-jogos-service","timestamp":"2026-02-23 23:50:53"}
{"level":"info","message":"GET /assets/imagens/jornada-do-saber.png","service":"portal-jogos-service","timestamp":"2026-02-23 23:50:53"}
{"level":"info","message":"GET /assets/imagens/jogo-alfabetico.png","service":"portal-jogos-service","timestamp":"2026-02-23 23:50:53"}
{"level":"info","message":"GET /api/user-status","service":"portal-jogos-service","timestamp":"2026-02-23 23:50:57"}
{"level":"info","message":"GET /api/games","service":"portal-jogos-service","timestamp":"2026-02-23 23:50:57"}
{"level":"info","message":"GET /assets/imagens/bingo-matematico.webp","service":"portal-jogos-service","timestamp":"2026-02-23 23:50:57"}
{"level":"info","message":"GET /assets/imagens/quiz.webp","service":"portal-jogos-service","timestamp":"2026-02-23 23:50:57"}
{"level":"info","message":"GET /assets/imagens/app-inclusivo.png","service":"portal-jogos-service","timestamp":"2026-02-23 23:50:57"}
{"level":"info","message":"GET /assets/imagens/joguinho.png","service":"portal-jogos-service","timestamp":"2026-02-23 23:50:57"}
{"level":"info","message":"GET /assets/imagens/ditado-maluco.png","service":"portal-jogos-service","timestamp":"2026-02-23 23:50:57"}
{"level":"info","message":"GET /assets/imagens/jogos-intuitivos.png","service":"portal-jogos-service","timestamp":"2026-02-23 23:50:57"}
{"level":"info","message":"GET /assets/imagens/jornada-do-saber.png","service":"portal-jogos-service","timestamp":"2026-02-23 23:50:58"}
{"level":"info","message":"GET /assets/imagens/jogo-alfabetico.png","service":"portal-jogos-service","timestamp":"2026-02-23 23:50:58"}
{"level":"info","message":"GET /api/user-status","service":"portal-jogos-service","timestamp":"2026-02-23 23:51:05"}
{"level":"info","message":"GET /api/games","service":"portal-jogos-service","timestamp":"2026-02-23 23:51:05"}
{"level":"info","message":"GET /assets/imagens/bingo-matematico.webp","service":"portal-jogos-service","timestamp":"2026-02-23 23:51:05"}
{"level":"info","message":"GET /assets/imagens/quiz.webp","service":"portal-jogos-service","timestamp":"2026-02-23 23:51:05"}
{"level":"info","message":"GET /assets/imagens/app-inclusivo.png","service":"portal-jogos-service","timestamp":"2026-02-23 23:51:05"}
{"level":"info","message":"GET /assets/imagens/joguinho.png","service":"portal-jogos-service","timestamp":"2026-02-23 23:51:05"}
{"level":"info","message":"GET /assets/imagens/ditado-maluco.png","service":"portal-jogos-service","timestamp":"2026-02-23 23:51:05"}
{"level":"info","message":"GET /assets/imagens/jogos-intuitivos.png","service":"portal-jogos-service","timestamp":"2026-02-23 23:51:05"}
{"level":"info","message":"GET /assets/imagens/jornada-do-saber.png","service":"portal-jogos-service","timestamp":"2026-02-23 23:51:05"}
{"level":"info","message":"GET /assets/imagens/jogo-alfabetico.png","service":"portal-jogos-service","timestamp":"2026-02-23 23:51:05"}
{"level":"info","message":"GET /api/user-status","service":"portal-jogos-service","timestamp":"2026-02-23 23:58:02"}
{"level":"info","message":"GET /api/games","service":"portal-jogos-service","timestamp":"2026-02-23 23:58:02"}
{"level":"info","message":"GET /assets/imagens/bingo-matematico.webp","service":"portal-jogos-service","timestamp":"2026-02-23 23:58:02"}
{"level":"info","message":"GET /assets/imagens/quiz.webp","service":"portal-jogos-service","timestamp":"2026-02-23 23:58:02"}
{"level":"info","message":"GET /assets/imagens/app-inclusivo.png","service":"portal-jogos-service","timestamp":"2026-02-23 23:58:02"}
{"level":"info","message":"GET /assets/imagens/joguinho.png","service":"portal-jogos-service","timestamp":"2026-02-23 23:58:02"}
{"level":"info","message":"GET /assets/imagens/ditado-maluco.png","service":"portal-jogos-service","timestamp":"2026-02-23 23:58:02"}
{"level":"info","message":"GET /assets/imagens/jogos-intuitivos.png","service":"portal-jogos-service","timestamp":"2026-02-23 23:58:02"}
{"level":"info","message":"GET /assets/imagens/jornada-do-saber.png","service":"portal-jogos-service","timestamp":"2026-02-23 23:58:02"}
{"level":"info","message":"GET /assets/imagens/jogo-alfabetico.png","service":"portal-jogos-service","timestamp":"2026-02-23 23:58:02"}
{"level":"info","message":"GET /api/user-status","service":"portal-jogos-service","timestamp":"2026-02-23 23:59:26"}
{"level":"info","message":"GET /api/user-status","service":"portal-jogos-service","timestamp":"2026-02-24 00:11:10"}
{"level":"info","message":"GET /api/games","service":"portal-jogos-service","timestamp":"2026-02-24 00:11:10"}
{"level":"info","message":"GET /assets/imagens/bingo-matematico.webp","service":"portal-jogos-service","timestamp":"2026-02-24 00:11:11"}
{"level":"info","message":"GET /assets/imagens/quiz.webp","service":"portal-jogos-service","timestamp":"2026-02-24 00:11:11"}
{"level":"info","message":"GET /assets/imagens/app-inclusivo.png","service":"portal-jogos-service","timestamp":"2026-02-24 00:11:11"}
{"level":"info","message":"GET /assets/imagens/joguinho.png","service":"portal-jogos-service","timestamp":"2026-02-24 00:11:11"}
{"level":"info","message":"GET /api/user-status","service":"portal-jogos-service","timestamp":"2026-02-24 00:11:11"}
{"level":"info","message":"GET /assets/imagens/ditado-maluco.png","service":"portal-jogos-service","timestamp":"2026-02-24 00:11:11"}
{"level":"info","message":"GET /assets/imagens/jogos-intuitivos.png","service":"portal-jogos-service","timestamp":"2026-02-24 00:11:11"}
{"level":"info","message":"GET /assets/imagens/jornada-do-saber.png","service":"portal-jogos-service","timestamp":"2026-02-24 00:11:11"}
{"level":"info","message":"GET /assets/imagens/jogo-alfabetico.png","service":"portal-jogos-service","timestamp":"2026-02-24 00:11:11"}
{"level":"info","message":"GET /api/user-status","service":"portal-jogos-service","timestamp":"2026-02-24 00:17:18"}
{"level":"info","message":"GET /api/games","service":"portal-jogos-service","timestamp":"2026-02-24 00:17:18"}
{"level":"info","message":"GET /api/games","service":"portal-jogos-service","timestamp":"2026-02-24 00:17:18"}
{"level":"info","message":"GET /api/user-status","service":"portal-jogos-service","timestamp":"2026-02-24 00:17:18"}
{"level":"info","message":"GET /api/games","service":"portal-jogos-service","timestamp":"2026-02-24 00:23:58"}
{"level":"info","message":"GET /api/user-status","service":"portal-jogos-service","timestamp":"2026-02-24 00:23:58"}
{"level":"info","message":"GET /assets/imagens/bingo-matematico.webp","service":"portal-jogos-service","timestamp":"2026-02-24 00:23:58"}
{"level":"info","message":"GET /assets/imagens/quiz.webp","service":"portal-jogos-service","timestamp":"2026-02-24 00:23:58"}
{"level":"info","message":"GET /assets/imagens/app-inclusivo.png","service":"portal-jogos-service","timestamp":"2026-02-24 00:23:58"}
{"level":"info","message":"GET /assets/imagens/joguinho.png","service":"portal-jogos-service","timestamp":"2026-02-24 00:23:58"}
{"level":"info","message":"GET /assets/imagens/ditado-maluco.png","service":"portal-jogos-service","timestamp":"2026-02-24 00:23:59"}
{"level":"info","message":"GET /assets/imagens/jogos-intuitivos.png","service":"portal-jogos-service","timestamp":"2026-02-24 00:23:59"}
{"level":"info","message":"GET /assets/imagens/jornada-do-saber.png","service":"portal-jogos-service","timestamp":"2026-02-24 00:23:59"}
{"level":"info","message":"GET /assets/imagens/jogo-alfabetico.png","service":"portal-jogos-service","timestamp":"2026-02-24 00:23:59"}
{"level":"info","message":"GET /api/user-status","service":"portal-jogos-service","timestamp":"2026-02-24 00:23:59"}
{"level":"info","message":"Attempting to set up email service...","service":"portal-jogos-service","timestamp":"2026-02-24 00:46:26"}
{"level":"info","message":"Usando Postgres Session Store.","service":"portal-jogos-service","timestamp":"2026-02-24 00:46:26"}
{"level":"info","message":"Servidor rodando em http://localhost:3001","service":"portal-jogos-service","timestamp":"2026-02-24 00:46:26"}
{"level":"info","message":"Conectado ao banco de dados (production).","service":"portal-jogos-service","timestamp":"2026-02-24 00:46:27"}
{"level":"info","message":"Attempting to set up email service...","service":"portal-jogos-service","timestamp":"2026-02-24 00:46:39"}
{"level":"info","message":"Usando Postgres Session Store.","service":"portal-jogos-service","timestamp":"2026-02-24 00:46:39"}
{"level":"info","message":"Servidor rodando em http://localhost:3001","service":"portal-jogos-service","timestamp":"2026-02-24 00:46:39"}
{"level":"info","message":"Conectado ao banco de dados (production).","service":"portal-jogos-service","timestamp":"2026-02-24 00:46:40"}
{"level":"info","message":"Attempting to set up email service...","service":"portal-jogos-service","timestamp":"2026-02-24 00:46:50"}
{"level":"info","message":"Usando Postgres Session Store.","service":"portal-jogos-service","timestamp":"2026-02-24 00:46:51"}
{"level":"info","message":"Servidor rodando em http://localhost:3001","service":"portal-jogos-service","timestamp":"2026-02-24 00:46:51"}
{"level":"info","message":"Conectado ao banco de dados (production).","service":"portal-jogos-service","timestamp":"2026-02-24 00:46:51"}
{"level":"info","message":"GET /api/user-status","service":"portal-jogos-service","timestamp":"2026-02-24 06:07:52"}
{"level":"info","message":"GET /api/games","service":"portal-jogos-service","timestamp":"2026-02-24 06:07:52"}
{"level":"info","message":"GET /assets/imagens/bingo-matematico.webp","service":"portal-jogos-service","timestamp":"2026-02-24 06:07:52"}
{"level":"info","message":"GET /assets/imagens/quiz.webp","service":"portal-jogos-service","timestamp":"2026-02-24 06:07:52"}
{"level":"info","message":"GET /assets/imagens/app-inclusivo.png","service":"portal-jogos-service","timestamp":"2026-02-24 06:07:52"}
{"level":"info","message":"GET /assets/imagens/joguinho.png","service":"portal-jogos-service","timestamp":"2026-02-24 06:07:52"}
{"level":"info","message":"GET /api/user-status","service":"portal-jogos-service","timestamp":"2026-02-24 06:07:52"}
{"level":"info","message":"GET /assets/imagens/ditado-maluco.png","service":"portal-jogos-service","timestamp":"2026-02-24 06:07:52"}
{"level":"info","message":"GET /assets/imagens/jogos-intuitivos.png","service":"portal-jogos-service","timestamp":"2026-02-24 06:07:53"}
{"level":"info","message":"GET /assets/imagens/jornada-do-saber.png","service":"portal-jogos-service","timestamp":"2026-02-24 06:07:53"}
{"level":"info","message":"GET /assets/imagens/jogo-alfabetico.png","service":"portal-jogos-service","timestamp":"2026-02-24 06:07:53"}
{"level":"info","message":"GET /api/user-status","service":"portal-jogos-service","timestamp":"2026-02-24 06:08:04"}
{"level":"info","message":"GET /api/user-status","service":"portal-jogos-service","timestamp":"2026-02-24 06:08:48"}
{"level":"info","message":"GET /api/games","service":"portal-jogos-service","timestamp":"2026-02-24 06:09:35"}
{"level":"info","message":"GET /api/user-status","service":"portal-jogos-service","timestamp":"2026-02-24 06:09:35"}
{"level":"info","message":"GET /api/games","service":"portal-jogos-service","timestamp":"2026-02-24 06:09:35"}
{"level":"info","message":"GET /assets/imagens/bingo-matematico.webp","service":"portal-jogos-service","timestamp":"2026-02-24 06:09:35"}
{"level":"info","message":"GET /assets/imagens/quiz.webp","service":"portal-jogos-service","timestamp":"2026-02-24 06:09:35"}
{"level":"info","message":"GET /assets/imagens/app-inclusivo.png","service":"portal-jogos-service","timestamp":"2026-02-24 06:09:35"}
{"level":"info","message":"GET /assets/imagens/joguinho.png","service":"portal-jogos-service","timestamp":"2026-02-24 06:09:35"}
{"level":"info","message":"GET /api/user-status","service":"portal-jogos-service","timestamp":"2026-02-24 06:09:35"}
{"level":"info","message":"GET /assets/imagens/ditado-maluco.png","service":"portal-jogos-service","timestamp":"2026-02-24 06:09:35"}
{"level":"info","message":"GET /assets/imagens/jogos-intuitivos.png","service":"portal-jogos-service","timestamp":"2026-02-24 06:09:35"}
{"level":"info","message":"GET /assets/imagens/jornada-do-saber.png","service":"portal-jogos-service","timestamp":"2026-02-24 06:09:35"}
{"level":"info","message":"GET /assets/imagens/jogo-alfabetico.png","service":"portal-jogos-service","timestamp":"2026-02-24 06:09:35"}
{"level":"info","message":"GET /api/user-status","service":"portal-jogos-service","timestamp":"2026-02-24 06:09:35"}
{"level":"info","message":"GET /api/user-status","service":"portal-jogos-service","timestamp":"2026-02-24 06:09:42"}
{"level":"info","message":"GET /api/user-status","service":"portal-jogos-service","timestamp":"2026-02-24 06:09:42"}
{"level":"info","message":"GET /api/user-status","service":"portal-jogos-service","timestamp":"2026-02-24 06:09:42"}
{"level":"info","message":"GET /api/user-status","service":"portal-jogos-service","timestamp":"2026-02-24 06:10:10"}
{"level":"info","message":"GET /api/user-status","service":"portal-jogos-service","timestamp":"2026-02-24 06:10:22"}
{"level":"info","message":"GET /api/user-status","service":"portal-jogos-service","timestamp":"2026-02-24 06:10:24"}
{"level":"info","message":"GET /api/games","service":"portal-jogos-service","timestamp":"2026-02-24 06:10:24"}
{"level":"info","message":"GET /api/games","service":"portal-jogos-service","timestamp":"2026-02-24 06:10:24"}
{"level":"info","message":"GET /api/user-status","service":"portal-jogos-service","timestamp":"2026-02-24 06:10:24"}
{"level":"info","message":"GET /assets/imagens/bingo-matematico.webp","service":"portal-jogos-service","timestamp":"2026-02-24 06:10:25"}
{"level":"info","message":"GET /assets/imagens/quiz.webp","service":"portal-jogos-service","timestamp":"2026-02-24 06:10:25"}
{"level":"info","message":"GET /assets/imagens/app-inclusivo.png","service":"portal-jogos-service","timestamp":"2026-02-24 06:10:25"}
{"level":"info","message":"GET /assets/imagens/joguinho.png","service":"portal-jogos-service","timestamp":"2026-02-24 06:10:25"}
{"level":"info","message":"GET /assets/imagens/ditado-maluco.png","service":"portal-jogos-service","timestamp":"2026-02-24 06:10:25"}
{"level":"info","message":"GET /api/user-status","service":"portal-jogos-service","timestamp":"2026-02-24 06:10:25"}
{"level":"info","message":"GET /assets/imagens/jogos-intuitivos.png","service":"portal-jogos-service","timestamp":"2026-02-24 06:10:25"}
{"level":"info","message":"GET /assets/imagens/jornada-do-saber.png","service":"portal-jogos-service","timestamp":"2026-02-24 06:10:25"}
{"level":"info","message":"GET /assets/imagens/jogo-alfabetico.png","service":"portal-jogos-service","timestamp":"2026-02-24 06:10:25"}
{"level":"info","message":"GET /api/user-status","service":"portal-jogos-service","timestamp":"2026-02-24 06:22:39"}
{"level":"info","message":"GET /api/games","service":"portal-jogos-service","timestamp":"2026-02-24 06:22:39"}
{"level":"info","message":"GET /assets/imagens/bingo-matematico.webp","service":"portal-jogos-service","timestamp":"2026-02-24 06:22:39"}
{"level":"info","message":"GET /assets/imagens/quiz.webp","service":"portal-jogos-service","timestamp":"2026-02-24 06:22:39"}
{"level":"info","message":"GET /assets/imagens/app-inclusivo.png","service":"portal-jogos-service","timestamp":"2026-02-24 06:22:39"}
{"level":"info","message":"GET /assets/imagens/joguinho.png","service":"portal-jogos-service","timestamp":"2026-02-24 06:22:39"}
{"level":"info","message":"GET /assets/imagens/ditado-maluco.png","service":"portal-jogos-service","timestamp":"2026-02-24 06:22:40"}
{"level":"info","message":"GET /assets/imagens/jogos-intuitivos.png","service":"portal-jogos-service","timestamp":"2026-02-24 06:22:40"}
{"level":"info","message":"GET /assets/imagens/jornada-do-saber.png","service":"portal-jogos-service","timestamp":"2026-02-24 06:22:40"}
{"level":"info","message":"GET /api/user-status","service":"portal-jogos-service","timestamp":"2026-02-24 06:22:40"}
{"level":"info","message":"GET /assets/imagens/jogo-alfabetico.png","service":"portal-jogos-service","timestamp":"2026-02-24 06:22:40"}
{"level":"info","message":"GET /api/user-status","service":"portal-jogos-service","timestamp":"2026-02-24 06:22:49"}
{"level":"info","message":"GET /api/user-status","service":"portal-jogos-service","timestamp":"2026-02-24 06:22:49"}
{"level":"info","message":"GET /api/user-status","service":"portal-jogos-service","timestamp":"2026-02-24 06:22:49"}
{"level":"info","message":"GET /api/user-status","service":"portal-jogos-service","timestamp":"2026-02-24 06:24:09"}
{"level":"info","message":"GET /api/user-status","service":"portal-jogos-service","timestamp":"2026-02-24 06:24:09"}
{"level":"info","message":"GET /api/user-status","service":"portal-jogos-service","timestamp":"2026-02-24 06:24:09"}
{"level":"info","message":"GET /api/user-status","service":"portal-jogos-service","timestamp":"2026-02-24 06:24:10"}
{"level":"info","message":"GET /api/games","service":"portal-jogos-service","timestamp":"2026-02-24 06:24:10"}
{"level":"info","message":"GET /api/games","service":"portal-jogos-service","timestamp":"2026-02-24 06:24:10"}
{"level":"info","message":"GET /api/user-status","service":"portal-jogos-service","timestamp":"2026-02-24 06:24:10"}
{"level":"info","message":"GET /assets/imagens/bingo-matematico.webp","service":"portal-jogos-service","timestamp":"2026-02-24 06:24:10"}
{"level":"info","message":"GET /assets/imagens/quiz.webp","service":"portal-jogos-service","timestamp":"2026-02-24 06:24:10"}
{"level":"info","message":"GET /assets/imagens/app-inclusivo.png","service":"portal-jogos-service","timestamp":"2026-02-24 06:24:10"}
{"level":"info","message":"GET /assets/imagens/joguinho.png","service":"portal-jogos-service","timestamp":"2026-02-24 06:24:10"}
{"level":"info","message":"GET /assets/imagens/ditado-maluco.png","service":"portal-jogos-service","timestamp":"2026-02-24 06:24:10"}
{"level":"info","message":"GET /api/user-status","service":"portal-jogos-service","timestamp":"2026-02-24 06:24:11"}
{"level":"info","message":"GET /assets/imagens/jogos-intuitivos.png","service":"portal-jogos-service","timestamp":"2026-02-24 06:24:11"}
{"level":"info","message":"GET /assets/imagens/jornada-do-saber.png","service":"portal-jogos-service","timestamp":"2026-02-24 06:24:11"}
{"level":"info","message":"GET /assets/imagens/jogo-alfabetico.png","service":"portal-jogos-service","timestamp":"2026-02-24 06:24:11"}
{"level":"info","message":"GET /api/user-status","service":"portal-jogos-service","timestamp":"2026-02-24 06:26:22"}
{"level":"info","message":"GET /api/user-status","service":"portal-jogos-service","timestamp":"2026-02-24 06:26:22"}
{"level":"info","message":"GET /api/user-status","service":"portal-jogos-service","timestamp":"2026-02-24 06:26:23"}
{"level":"info","message":"GET /api/user-status","service":"portal-jogos-service","timestamp":"2026-02-24 06:26:27"}
{"level":"info","message":"GET /api/user-status","service":"portal-jogos-service","timestamp":"2026-02-24 06:26:27"}
{"level":"info","message":"GET /api/user-status","service":"portal-jogos-service","timestamp":"2026-02-24 06:26:28"}
{"level":"info","message":"OPTIONS /api/payment/create-checkout-session","service":"portal-jogos-service","timestamp":"2026-02-24 09:27:01"}
{"level":"info","message":"POST /api/payment/create-checkout-session","service":"portal-jogos-service","timestamp":"2026-02-24 09:27:01"}
{"level":"info","message":"GET /api/user-status","service":"portal-jogos-service","timestamp":"2026-02-24 14:58:59"}
{"level":"info","message":"GET /api/games","service":"portal-jogos-service","timestamp":"2026-02-24 14:58:59"}
{"level":"info","message":"GET /api/user-status","service":"portal-jogos-service","timestamp":"2026-02-24 14:59:00"}
{"level":"info","message":"GET /assets/imagens/bingo-matematico.webp","service":"portal-jogos-service","timestamp":"2026-02-24 14:59:00"}
{"level":"info","message":"GET /assets/imagens/joguinho.png","service":"portal-jogos-service","timestamp":"2026-02-24 14:59:00"}
{"level":"info","message":"GET /assets/imagens/quiz.webp","service":"portal-jogos-service","timestamp":"2026-02-24 14:59:00"}
{"level":"info","message":"GET /assets/imagens/app-inclusivo.png","service":"portal-jogos-service","timestamp":"2026-02-24 14:59:00"}
{"level":"info","message":"GET /assets/imagens/ditado-maluco.png","service":"portal-jogos-service","timestamp":"2026-02-24 14:59:00"}
{"level":"info","message":"GET /assets/imagens/jogos-intuitivos.png","service":"portal-jogos-service","timestamp":"2026-02-24 14:59:01"}
{"level":"info","message":"GET /assets/imagens/jogo-alfabetico.png","service":"portal-jogos-service","timestamp":"2026-02-24 14:59:01"}
{"level":"info","message":"GET /assets/imagens/jornada-do-saber.png","service":"portal-jogos-service","timestamp":"2026-02-24 14:59:01"}
{"level":"info","message":"GET /api/user-status","service":"portal-jogos-service","timestamp":"2026-02-24 15:46:47"}
{"level":"info","message":"GET /api/user-status","service":"portal-jogos-service","timestamp":"2026-02-24 15:46:47"}
{"level":"info","message":"GET /api/user-status","service":"portal-jogos-service","timestamp":"2026-02-24 15:46:47"}
{"level":"info","message":"GET /api/user-status","service":"portal-jogos-service","timestamp":"2026-02-24 15:47:02"}
{"level":"info","message":"GET /api/user-status","service":"portal-jogos-service","timestamp":"2026-02-24 15:47:02"}
{"level":"info","message":"GET /api/user-status","service":"portal-jogos-service","timestamp":"2026-02-24 15:47:07"}
{"level":"info","message":"GET /api/games","service":"portal-jogos-service","timestamp":"2026-02-24 15:47:07"}
{"level":"info","message":"GET /api/user-status","service":"portal-jogos-service","timestamp":"2026-02-24 15:47:08"}
{"level":"info","message":"GET /api/games","service":"portal-jogos-service","timestamp":"2026-02-24 15:47:08"}
{"level":"info","message":"GET /assets/imagens/bingo-matematico.webp","service":"portal-jogos-service","timestamp":"2026-02-24 15:47:08"}
{"level":"info","message":"GET /assets/imagens/quiz.webp","service":"portal-jogos-service","timestamp":"2026-02-24 15:47:08"}
{"level":"info","message":"GET /assets/imagens/app-inclusivo.png","service":"portal-jogos-service","timestamp":"2026-02-24 15:47:08"}
{"level":"info","message":"GET /assets/imagens/joguinho.png","service":"portal-jogos-service","timestamp":"2026-02-24 15:47:08"}
{"level":"info","message":"GET /assets/imagens/ditado-maluco.png","service":"portal-jogos-service","timestamp":"2026-02-24 15:47:08"}
{"level":"info","message":"GET /assets/imagens/jogos-intuitivos.png","service":"portal-jogos-service","timestamp":"2026-02-24 15:47:08"}
{"level":"info","message":"GET /assets/imagens/jornada-do-saber.png","service":"portal-jogos-service","timestamp":"2026-02-24 15:47:08"}
{"level":"info","message":"GET /assets/imagens/jogo-alfabetico.png","service":"portal-jogos-service","timestamp":"2026-02-24 15:47:08"}
{"level":"info","message":"GET /api/user-status","service":"portal-jogos-service","timestamp":"2026-02-24 15:47:08"}
{"level":"info","message":"GET /api/user-status","service":"portal-jogos-service","timestamp":"2026-02-24 15:47:09"}
{"level":"info","message":"GET /api/user-status","service":"portal-jogos-service","timestamp":"2026-02-24 15:47:10"}
{"level":"info","message":"GET /api/user-status","service":"portal-jogos-service","timestamp":"2026-02-24 15:47:10"}
{"level":"info","message":"GET /api/user-status","service":"portal-jogos-service","timestamp":"2026-02-24 15:47:18"}
{"level":"info","message":"GET /api/user-status","service":"portal-jogos-service","timestamp":"2026-02-24 15:47:18"}
{"level":"info","message":"GET /api/user-status","service":"portal-jogos-service","timestamp":"2026-02-24 15:47:18"}
{"level":"info","message":"GET /api/user-status","service":"portal-jogos-service","timestamp":"2026-02-24 15:47:23"}
{"level":"info","message":"GET /api/user-status","service":"portal-jogos-service","timestamp":"2026-02-24 15:47:23"}
{"level":"info","message":"GET /api/user-status","service":"portal-jogos-service","timestamp":"2026-02-24 15:47:23"}
{"level":"info","message":"GET /api/user-status","service":"portal-jogos-service","timestamp":"2026-02-24 15:47:24"}
{"level":"info","message":"GET /api/games","service":"portal-jogos-service","timestamp":"2026-02-24 15:47:24"}
{"level":"info","message":"GET /api/games","service":"portal-jogos-service","timestamp":"2026-02-24 15:47:24"}
{"level":"info","message":"GET /api/user-status","service":"portal-jogos-service","timestamp":"2026-02-24 15:47:24"}
{"level":"info","message":"GET /assets/imagens/bingo-matematico.webp","service":"portal-jogos-service","timestamp":"2026-02-24 15:47:24"}
{"level":"info","message":"GET /assets/imagens/quiz.webp","service":"portal-jogos-service","timestamp":"2026-02-24 15:47:24"}
{"level":"info","message":"GET /assets/imagens/app-inclusivo.png","service":"portal-jogos-service","timestamp":"2026-02-24 15:47:24"}
{"level":"info","message":"GET /assets/imagens/joguinho.png","service":"portal-jogos-service","timestamp":"2026-02-24 15:47:24"}
{"level":"info","message":"GET /assets/imagens/ditado-maluco.png","service":"portal-jogos-service","timestamp":"2026-02-24 15:47:24"}
{"level":"info","message":"GET /assets/imagens/jogos-intuitivos.png","service":"portal-jogos-service","timestamp":"2026-02-24 15:47:25"}
{"level":"info","message":"GET /assets/imagens/jornada-do-saber.png","service":"portal-jogos-service","timestamp":"2026-02-24 15:47:25"}
{"level":"info","message":"GET /assets/imagens/jogo-alfabetico.png","service":"portal-jogos-service","timestamp":"2026-02-24 15:47:25"}
{"level":"info","message":"GET /api/user-status","service":"portal-jogos-service","timestamp":"2026-02-24 15:47:25"}
{"level":"info","message":"Attempting to set up email service...","service":"portal-jogos-service","timestamp":"2026-02-24 15:49:01"}
{"level":"info","message":"Usando Postgres Session Store.","service":"portal-jogos-service","timestamp":"2026-02-24 15:49:01"}
{"level":"info","message":"Servidor rodando em http://localhost:3001","service":"portal-jogos-service","timestamp":"2026-02-24 15:49:01"}
{"level":"info","message":"Conectado ao banco de dados (production).","service":"portal-jogos-service","timestamp":"2026-02-24 15:49:02"}
{"level":"info","message":"POST /api/contact/school-quote","service":"portal-jogos-service","timestamp":"2026-02-24 15:50:54"}
{"level":"info","message":"POST /api/school-quote","service":"portal-jogos-service","timestamp":"2026-02-24 15:51:29"}
{"level":"info","message":"GET /api/school-quote","service":"portal-jogos-service","timestamp":"2026-02-24 15:51:56"}
{"level":"info","message":"Attempting to set up email service...","service":"portal-jogos-service","timestamp":"2026-02-24 15:52:13"}
{"level":"info","message":"Usando Postgres Session Store.","service":"portal-jogos-service","timestamp":"2026-02-24 15:52:13"}
{"level":"info","message":"Servidor rodando em http://localhost:3001","service":"portal-jogos-service","timestamp":"2026-02-24 15:52:13"}
{"level":"info","message":"Conectado ao banco de dados (production).","service":"portal-jogos-service","timestamp":"2026-02-24 15:52:13"}
{"level":"info","message":"POST /api/contact/school-quote","service":"portal-jogos-service","timestamp":"2026-02-24 15:52:24"}
{"level":"info","message":"Attempting to set up email service...","service":"portal-jogos-service","timestamp":"2026-02-24 15:54:13"}
{"level":"info","message":"Usando Postgres Session Store.","service":"portal-jogos-service","timestamp":"2026-02-24 15:54:13"}
{"level":"info","message":"Servidor rodando em http://localhost:3001","service":"portal-jogos-service","timestamp":"2026-02-24 15:54:13"}
{"level":"info","message":"Conectado ao banco de dados (production).","service":"portal-jogos-service","timestamp":"2026-02-24 15:54:13"}
{"level":"info","message":"POST /api/contact/school-quote","service":"portal-jogos-service","timestamp":"2026-02-24 15:54:19"}
{"level":"info","message":"GET /api/user-status","service":"portal-jogos-service","timestamp":"2026-02-24 15:57:34"}
{"level":"info","message":"GET /api/games","service":"portal-jogos-service","timestamp":"2026-02-24 15:57:34"}
{"level":"info","message":"GET /assets/imagens/bingo-matematico.webp","service":"portal-jogos-service","timestamp":"2026-02-24 15:57:35"}
{"level":"info","message":"GET /assets/imagens/quiz.webp","service":"portal-jogos-service","timestamp":"2026-02-24 15:57:35"}
{"level":"info","message":"GET /assets/imagens/app-inclusivo.png","service":"portal-jogos-service","timestamp":"2026-02-24 15:57:35"}
{"level":"info","message":"GET /assets/imagens/joguinho.png","service":"portal-jogos-service","timestamp":"2026-02-24 15:57:35"}
{"level":"info","message":"GET /api/user-status","service":"portal-jogos-service","timestamp":"2026-02-24 15:57:35"}
{"level":"info","message":"GET /assets/imagens/ditado-maluco.png","service":"portal-jogos-service","timestamp":"2026-02-24 15:57:36"}
{"level":"info","message":"GET /assets/imagens/jogos-intuitivos.png","service":"portal-jogos-service","timestamp":"2026-02-24 15:57:36"}
{"level":"info","message":"GET /assets/imagens/jornada-do-saber.png","service":"portal-jogos-service","timestamp":"2026-02-24 15:57:36"}
{"level":"info","message":"GET /assets/imagens/jogo-alfabetico.png","service":"portal-jogos-service","timestamp":"2026-02-24 15:57:36"}
{"level":"info","message":"GET /api/user-status","service":"portal-jogos-service","timestamp":"2026-02-24 15:57:42"}
{"level":"info","message":"GET /api/user-status","service":"portal-jogos-service","timestamp":"2026-02-24 15:57:43"}
{"level":"info","message":"GET /api/user-status","service":"portal-jogos-service","timestamp":"2026-02-24 15:57:43"}
{"level":"info","message":"GET /api/user-status","service":"portal-jogos-service","timestamp":"2026-02-24 16:00:48"}
{"level":"info","message":"GET /api/games","service":"portal-jogos-service","timestamp":"2026-02-24 16:00:48"}
{"level":"info","message":"GET /api/games","service":"portal-jogos-service","timestamp":"2026-02-24 16:00:48"}
{"level":"info","message":"GET /assets/imagens/bingo-matematico.webp","service":"portal-jogos-service","timestamp":"2026-02-24 16:00:48"}
{"level":"info","message":"GET /assets/imagens/quiz.webp","service":"portal-jogos-service","timestamp":"2026-02-24 16:00:48"}
{"level":"info","message":"GET /assets/imagens/app-inclusivo.png","service":"portal-jogos-service","timestamp":"2026-02-24 16:00:48"}
{"level":"info","message":"GET /assets/imagens/joguinho.png","service":"portal-jogos-service","timestamp":"2026-02-24 16:00:48"}
{"level":"info","message":"GET /api/user-status","service":"portal-jogos-service","timestamp":"2026-02-24 16:00:48"}
{"level":"info","message":"GET /assets/imagens/ditado-maluco.png","service":"portal-jogos-service","timestamp":"2026-02-24 16:00:48"}
{"level":"info","message":"GET /assets/imagens/jogos-intuitivos.png","service":"portal-jogos-service","timestamp":"2026-02-24 16:00:49"}
{"level":"info","message":"GET /assets/imagens/jornada-do-saber.png","service":"portal-jogos-service","timestamp":"2026-02-24 16:00:49"}
{"level":"info","message":"GET /assets/imagens/jogo-alfabetico.png","service":"portal-jogos-service","timestamp":"2026-02-24 16:00:49"}
{"level":"info","message":"GET /api/user-status","service":"portal-jogos-service","timestamp":"2026-02-24 16:00:49"}
{"level":"info","message":"Attempting to set up email service...","service":"portal-jogos-service","timestamp":"2026-02-24 16:28:47"}
{"level":"info","message":"Usando Postgres Session Store.","service":"portal-jogos-service","timestamp":"2026-02-24 16:28:47"}
{"level":"info","message":"Attempting to set up email service...","service":"portal-jogos-service","timestamp":"2026-02-24 16:28:47"}
{"level":"info","message":"Usando Postgres Session Store.","service":"portal-jogos-service","timestamp":"2026-02-24 16:28:47"}
{"level":"info","message":"Conectado ao banco de dados (production).","service":"portal-jogos-service","timestamp":"2026-02-24 16:28:48"}
{"level":"info","message":"POST /api/login","service":"portal-jogos-service","timestamp":"2026-02-24 16:28:48"}
{"level":"info","message":"Conectado ao banco de dados (production).","service":"portal-jogos-service","timestamp":"2026-02-24 16:28:48"}
{"level":"info","message":"GET /api/games/most-accessed","service":"portal-jogos-service","timestamp":"2026-02-24 16:28:48"}
{"level":"info","message":"GET /api/route-that-does-not-exist","service":"portal-jogos-service","timestamp":"2026-02-24 16:28:48"}
{"level":"info","message":"POST /api/login","service":"portal-jogos-service","timestamp":"2026-02-24 16:28:48"}
{"level":"info","message":"POST /api/register","service":"portal-jogos-service","timestamp":"2026-02-24 16:28:48"}
{"level":"info","message":"Attempting to set up email service...","service":"portal-jogos-service","timestamp":"2026-02-24 16:37:51"}
{"level":"info","message":"Usando Postgres Session Store.","service":"portal-jogos-service","timestamp":"2026-02-24 16:37:51"}
{"level":"info","message":"Attempting to set up email service...","service":"portal-jogos-service","timestamp":"2026-02-24 16:37:51"}
{"level":"info","message":"Usando Postgres Session Store.","service":"portal-jogos-service","timestamp":"2026-02-24 16:37:51"}
{"level":"info","message":"Conectado ao banco de dados (production).","service":"portal-jogos-service","timestamp":"2026-02-24 16:37:51"}
{"level":"info","message":"GET /api/games/most-accessed","service":"portal-jogos-service","timestamp":"2026-02-24 16:37:51"}
{"level":"info","message":"Conectado ao banco de dados (production).","service":"portal-jogos-service","timestamp":"2026-02-24 16:37:51"}
{"level":"info","message":"POST /api/login","service":"portal-jogos-service","timestamp":"2026-02-24 16:37:51"}
{"level":"info","message":"GET /api/route-that-does-not-exist","service":"portal-jogos-service","timestamp":"2026-02-24 16:37:51"}
{"level":"info","message":"POST /api/login","service":"portal-jogos-service","timestamp":"2026-02-24 16:37:51"}
{"level":"info","message":"POST /api/register","service":"portal-jogos-service","timestamp":"2026-02-24 16:37:51"}
{"level":"info","message":"Attempting to set up email service...","service":"portal-jogos-service","timestamp":"2026-02-24 16:40:16"}
{"level":"info","message":"Usando Postgres Session Store.","service":"portal-jogos-service","timestamp":"2026-02-24 16:40:16"}
{"level":"info","message":"Attempting to set up email service...","service":"portal-jogos-service","timestamp":"2026-02-24 16:40:17"}
{"level":"info","message":"Usando Postgres Session Store.","service":"portal-jogos-service","timestamp":"2026-02-24 16:40:17"}
{"level":"info","message":"Conectado ao banco de dados (production).","service":"portal-jogos-service","timestamp":"2026-02-24 16:40:17"}
{"level":"info","message":"POST /api/login","service":"portal-jogos-service","timestamp":"2026-02-24 16:40:17"}
{"level":"info","message":"Conectado ao banco de dados (production).","service":"portal-jogos-service","timestamp":"2026-02-24 16:40:17"}
{"level":"info","message":"GET /api/games/most-accessed","service":"portal-jogos-service","timestamp":"2026-02-24 16:40:17"}
{"level":"info","message":"POST /api/login","service":"portal-jogos-service","timestamp":"2026-02-24 16:40:17"}
{"level":"info","message":"POST /api/register","service":"portal-jogos-service","timestamp":"2026-02-24 16:40:17"}
{"level":"info","message":"GET /api/route-that-does-not-exist","service":"portal-jogos-service","timestamp":"2026-02-24 16:40:17"}
{"level":"info","message":"Attempting to set up email service...","service":"portal-jogos-service","timestamp":"2026-02-24 16:50:05"}
{"level":"info","message":"Usando Postgres Session Store.","service":"portal-jogos-service","timestamp":"2026-02-24 16:50:05"}
{"level":"info","message":"Servidor rodando em http://localhost:3001","service":"portal-jogos-service","timestamp":"2026-02-24 16:50:05"}
{"level":"info","message":"Attempting to set up email service...","service":"portal-jogos-service","timestamp":"2026-02-24 16:50:05"}
{"level":"info","message":"Usando Postgres Session Store.","service":"portal-jogos-service","timestamp":"2026-02-24 16:50:05"}
{"level":"info","message":"Servidor rodando em http://localhost:3001","service":"portal-jogos-service","timestamp":"2026-02-24 16:50:05"}
{"level":"info","message":"Conectado ao banco de dados (production).","service":"portal-jogos-service","timestamp":"2026-02-24 16:50:06"}
{"level":"info","message":"Conectado ao banco de dados (production).","service":"portal-jogos-service","timestamp":"2026-02-24 16:50:06"}
{"level":"info","message":"POST /api/payment/create-pix-payment","service":"portal-jogos-service","timestamp":"2026-02-24 16:50:34"}
{"level":"info","message":"GET /api/user-status","service":"portal-jogos-service","timestamp":"2026-02-24 16:53:28"}
{"level":"info","message":"GET /api/games","service":"portal-jogos-service","timestamp":"2026-02-24 16:53:28"}
{"level":"info","message":"GET /assets/imagens/bingo-matematico.webp","service":"portal-jogos-service","timestamp":"2026-02-24 16:53:29"}
{"level":"info","message":"GET /assets/imagens/quiz.webp","service":"portal-jogos-service","timestamp":"2026-02-24 16:53:29"}
{"level":"info","message":"GET /assets/imagens/app-inclusivo.png","service":"portal-jogos-service","timestamp":"2026-02-24 16:53:29"}
{"level":"info","message":"GET /assets/imagens/joguinho.png","service":"portal-jogos-service","timestamp":"2026-02-24 16:53:29"}
{"level":"info","message":"GET /assets/imagens/ditado-maluco.png","service":"portal-jogos-service","timestamp":"2026-02-24 16:53:29"}
{"level":"info","message":"GET /api/user-status","service":"portal-jogos-service","timestamp":"2026-02-24 16:53:29"}
{"level":"info","message":"GET /assets/imagens/jogos-intuitivos.png","service":"portal-jogos-service","timestamp":"2026-02-24 16:53:29"}
{"level":"info","message":"GET /assets/imagens/jornada-do-saber.png","service":"portal-jogos-service","timestamp":"2026-02-24 16:53:29"}
{"level":"info","message":"GET /assets/imagens/jogo-alfabetico.png","service":"portal-jogos-service","timestamp":"2026-02-24 16:53:29"}
{"level":"info","message":"GET /api/profile","service":"portal-jogos-service","timestamp":"2026-02-24 16:53:39"}
{"level":"info","message":"GET /api/user-status","service":"portal-jogos-service","timestamp":"2026-02-24 16:53:39"}
{"level":"info","message":"GET /api/profile","service":"portal-jogos-service","timestamp":"2026-02-24 16:53:39"}
{"level":"info","message":"GET /api/user-status","service":"portal-jogos-service","timestamp":"2026-02-24 16:53:42"}
{"level":"info","message":"GET /api/user-status","service":"portal-jogos-service","timestamp":"2026-02-24 16:53:42"}
{"level":"info","message":"GET /api/user-status","service":"portal-jogos-service","timestamp":"2026-02-24 16:53:42"}
{"level":"info","message":"Attempting to set up email service...","service":"portal-jogos-service","timestamp":"2026-02-24 21:17:17"}
{"level":"info","message":"Usando Postgres Session Store.","service":"portal-jogos-service","timestamp":"2026-02-24 21:17:17"}
{"level":"info","message":"Servidor rodando em http://localhost:3001","service":"portal-jogos-service","timestamp":"2026-02-24 21:17:17"}
{"level":"info","message":"Conectado ao banco de dados (production).","service":"portal-jogos-service","timestamp":"2026-02-24 21:17:18"}
{"level":"info","message":"GET /api/user-status","service":"portal-jogos-service","timestamp":"2026-02-24 21:21:22"}
{"level":"info","message":"GET /api/user-status","service":"portal-jogos-service","timestamp":"2026-02-24 21:22:29"}
{"level":"info","message":"GET /api/payment/plans","service":"portal-jogos-service","timestamp":"2026-02-24 21:22:29"}
{"level":"info","message":"GET /api/user-status","service":"portal-jogos-service","timestamp":"2026-02-24 21:22:30"}
{"level":"info","message":"GET /api/games","service":"portal-jogos-service","timestamp":"2026-02-24 21:23:58"}
{"level":"info","message":"GET /api/user-status","service":"portal-jogos-service","timestamp":"2026-02-24 21:23:58"}
{"level":"info","message":"GET /api/games","service":"portal-jogos-service","timestamp":"2026-02-24 21:23:58"}
{"level":"info","message":"GET /assets/imagens/bingo-matematico.webp","service":"portal-jogos-service","timestamp":"2026-02-24 21:23:58"}
{"level":"info","message":"GET /assets/imagens/app-inclusivo.png","service":"portal-jogos-service","timestamp":"2026-02-24 21:23:58"}
{"level":"info","message":"GET /assets/imagens/quiz.webp","service":"portal-jogos-service","timestamp":"2026-02-24 21:23:58"}
{"level":"info","message":"GET /assets/imagens/joguinho.png","service":"portal-jogos-service","timestamp":"2026-02-24 21:23:58"}
{"level":"info","message":"GET /assets/imagens/ditado-maluco.png","service":"portal-jogos-service","timestamp":"2026-02-24 21:23:58"}
{"level":"info","message":"GET /assets/imagens/jogos-intuitivos.png","service":"portal-jogos-service","timestamp":"2026-02-24 21:23:58"}
{"level":"info","message":"GET /assets/imagens/jornada-do-saber.png","service":"portal-jogos-service","timestamp":"2026-02-24 21:23:58"}
{"level":"info","message":"GET /api/user-status","service":"portal-jogos-service","timestamp":"2026-02-24 21:23:58"}
{"level":"info","message":"GET /assets/imagens/jogo-alfabetico.png","service":"portal-jogos-service","timestamp":"2026-02-24 21:23:58"}
{"level":"info","message":"GET /api/user-status","service":"portal-jogos-service","timestamp":"2026-02-24 21:23:58"}
{"level":"info","message":"GET /api/user-status","service":"portal-jogos-service","timestamp":"2026-02-24 21:25:33"}
{"level":"info","message":"GET /games.json","service":"portal-jogos-service","timestamp":"2026-02-24 21:25:33"}
{"level":"info","message":"OPTIONS /api/game-start","service":"portal-jogos-service","timestamp":"2026-02-24 21:25:33"}
{"level":"info","message":"POST /api/game-start","service":"portal-jogos-service","timestamp":"2026-02-24 21:25:33"}
{"level":"info","message":"GET /api/user-status","service":"portal-jogos-service","timestamp":"2026-02-24 21:25:34"}
{"level":"info","message":"GET /api/user-status","service":"portal-jogos-service","timestamp":"2026-02-24 21:25:34"}
{"level":"info","message":"GET /api/user-status","service":"portal-jogos-service","timestamp":"2026-02-24 21:25:58"}
{"level":"info","message":"GET /api/payment/plans","service":"portal-jogos-service","timestamp":"2026-02-24 21:25:58"}
{"level":"info","message":"GET /api/payment/plans","service":"portal-jogos-service","timestamp":"2026-02-24 21:25:58"}
{"level":"info","message":"GET /api/user-status","service":"portal-jogos-service","timestamp":"2026-02-24 21:25:58"}
{"level":"info","message":"GET /api/user-status","service":"portal-jogos-service","timestamp":"2026-02-24 21:25:58"}
{"level":"info","message":"GET /api/user-status","service":"portal-jogos-service","timestamp":"2026-02-24 21:26:38"}
{"level":"info","message":"GET /api/user-status","service":"portal-jogos-service","timestamp":"2026-02-24 21:26:39"}
{"level":"info","message":"GET /api/user-status","service":"portal-jogos-service","timestamp":"2026-02-24 21:26:39"}
{"level":"info","message":"OPTIONS /api/payment/create-pix-payment","service":"portal-jogos-service","timestamp":"2026-02-24 21:26:49"}
{"level":"info","message":"POST /api/payment/create-pix-payment","service":"portal-jogos-service","timestamp":"2026-02-24 21:26:49"}
{"level":"info","message":"OPTIONS /api/payment/create-pix-payment","service":"portal-jogos-service","timestamp":"2026-02-24 21:27:13"}
{"level":"info","message":"POST /api/payment/create-pix-payment","service":"portal-jogos-service","timestamp":"2026-02-24 21:27:13"}
{"level":"info","message":"Attempting to set up email service...","service":"portal-jogos-service","timestamp":"2026-02-24 21:28:21"}
{"level":"info","message":"Usando Postgres Session Store.","service":"portal-jogos-service","timestamp":"2026-02-24 21:28:21"}
{"level":"info","message":"Servidor rodando em http://localhost:3001","service":"portal-jogos-service","timestamp":"2026-02-24 21:28:21"}
{"level":"info","message":"Attempting to set up email service...","service":"portal-jogos-service","timestamp":"2026-02-24 21:28:21"}
{"level":"info","message":"Usando Postgres Session Store.","service":"portal-jogos-service","timestamp":"2026-02-24 21:28:21"}
{"level":"info","message":"Servidor rodando em http://localhost:3001","service":"portal-jogos-service","timestamp":"2026-02-24 21:28:21"}
{"level":"info","message":"Attempting to set up email service...","service":"portal-jogos-service","timestamp":"2026-02-24 21:28:21"}
{"level":"info","message":"Usando Postgres Session Store.","service":"portal-jogos-service","timestamp":"2026-02-24 21:28:21"}
{"level":"info","message":"Servidor rodando em http://localhost:3001","service":"portal-jogos-service","timestamp":"2026-02-24 21:28:21"}
{"level":"info","message":"Conectado ao banco de dados (production).","service":"portal-jogos-service","timestamp":"2026-02-24 21:28:21"}
{"level":"info","message":"Conectado ao banco de dados (production).","service":"portal-jogos-service","timestamp":"2026-02-24 21:28:21"}
{"level":"info","message":"Conectado ao banco de dados (production).","service":"portal-jogos-service","timestamp":"2026-02-24 21:28:21"}
{"level":"info","message":"GET /api/user-status","service":"portal-jogos-service","timestamp":"2026-02-24 21:30:44"}
{"level":"info","message":"GET /api/user-status","service":"portal-jogos-service","timestamp":"2026-02-24 21:30:44"}
{"level":"info","message":"OPTIONS /api/payment/create-pix-payment","service":"portal-jogos-service","timestamp":"2026-02-24 21:30:48"}
{"level":"info","message":"POST /api/payment/create-pix-payment","service":"portal-jogos-service","timestamp":"2026-02-24 21:30:48"}
{"level":"info","message":"Attempting to set up email service...","service":"portal-jogos-service","timestamp":"2026-02-24 21:51:16"}
{"level":"info","message":"Attempting to set up email service...","service":"portal-jogos-service","timestamp":"2026-02-24 21:51:16"}
{"level":"info","message":"Usando Postgres Session Store.","service":"portal-jogos-service","timestamp":"2026-02-24 21:51:16"}
{"level":"info","message":"Servidor rodando em http://localhost:3001","service":"portal-jogos-service","timestamp":"2026-02-24 21:51:16"}
{"level":"info","message":"Usando Postgres Session Store.","service":"portal-jogos-service","timestamp":"2026-02-24 21:51:16"}
{"level":"info","message":"Servidor rodando em http://localhost:3001","service":"portal-jogos-service","timestamp":"2026-02-24 21:51:16"}
{"level":"info","message":"Attempting to set up email service...","service":"portal-jogos-service","timestamp":"2026-02-24 21:51:16"}
{"level":"info","message":"Usando Postgres Session Store.","service":"portal-jogos-service","timestamp":"2026-02-24 21:51:16"}
{"level":"info","message":"Servidor rodando em http://localhost:3001","service":"portal-jogos-service","timestamp":"2026-02-24 21:51:16"}
{"level":"info","message":"Conectado ao banco de dados (production).","service":"portal-jogos-service","timestamp":"2026-02-24 21:51:16"}
{"level":"info","message":"Conectado ao banco de dados (production).","service":"portal-jogos-service","timestamp":"2026-02-24 21:51:16"}
{"level":"info","message":"Conectado ao banco de dados (production).","service":"portal-jogos-service","timestamp":"2026-02-24 21:51:16"}
{"code":"XX000","length":127,"level":"error","message":"Falha ao conectar ao banco de dados: MaxClientsInSessionMode: max clients reached - in Session mode max clients are limited to pool_size","name":"error","service":"portal-jogos-service","severity":"FATAL","stack":"error: MaxClientsInSessionMode: max clients reached - in Session mode max clients are limited to pool_size\n    at Parser.parseErrorMessage (E:\\meu-portal-de-jogos - backup\\node_modules\\pg-protocol\\dist\\parser.js:285:98)\n    at Parser.handlePacket (E:\\meu-portal-de-jogos - backup\\node_modules\\pg-protocol\\dist\\parser.js:122:29)\n    at Parser.parse (E:\\meu-portal-de-jogos - backup\\node_modules\\pg-protocol\\dist\\parser.js:35:38)\n    at TLSSocket.<anonymous> (E:\\meu-portal-de-jogos - backup\\node_modules\\pg-protocol\\dist\\index.js:11:42)\n    at TLSSocket.emit (node:events:508:28)\n    at addChunk (node:internal/streams/readable:559:12)\n    at readableAddChunkPushByteMode (node:internal/streams/readable:510:3)\n    at Readable.push (node:internal/streams/readable:390:5)\n    at TLSWrap.onStreamRead (node:internal/stream_base_commons:189:23)","timestamp":"2026-02-24 21:51:22"}
{"level":"info","message":"Attempting to set up email service...","service":"portal-jogos-service","timestamp":"2026-02-24 21:52:16"}
{"level":"info","message":"Usando Postgres Session Store.","service":"portal-jogos-service","timestamp":"2026-02-24 21:52:16"}
{"level":"info","message":"Servidor rodando em http://localhost:3001","service":"portal-jogos-service","timestamp":"2026-02-24 21:52:16"}
{"level":"info","message":"Attempting to set up email service...","service":"portal-jogos-service","timestamp":"2026-02-24 21:52:16"}
{"level":"info","message":"Usando Postgres Session Store.","service":"portal-jogos-service","timestamp":"2026-02-24 21:52:16"}
{"level":"info","message":"Servidor rodando em http://localhost:3001","service":"portal-jogos-service","timestamp":"2026-02-24 21:52:16"}
{"level":"info","message":"Attempting to set up email service...","service":"portal-jogos-service","timestamp":"2026-02-24 21:52:16"}
{"level":"info","message":"Usando Postgres Session Store.","service":"portal-jogos-service","timestamp":"2026-02-24 21:52:16"}
{"level":"info","message":"Servidor rodando em http://localhost:3001","service":"portal-jogos-service","timestamp":"2026-02-24 21:52:16"}
{"level":"info","message":"Conectado ao banco de dados (production).","service":"portal-jogos-service","timestamp":"2026-02-24 21:52:17"}
{"level":"info","message":"Conectado ao banco de dados (production).","service":"portal-jogos-service","timestamp":"2026-02-24 21:52:17"}
{"level":"info","message":"Conectado ao banco de dados (production).","service":"portal-jogos-service","timestamp":"2026-02-24 21:52:17"}
